bm23_presolved,bound_gmic,bound_vpc,bound_all_cuts,num_gmic,gmic_gen_time,gmic_apply_time,num_vpc,vpc_gen_time,vpc_apply_time,
0,20.57092176323557097817,20.57092176323557097817,20.57092176323557097817,0,0.000000,0.000262,0,0.000000,0.000262,
1,22.82830191756425719518,23.21906912736375261375,23.24417385436616356742,6,0.00008400000000000000,0.00025900000000000001,6,0.00394100000000000006,0.00017799999999999999,
2,23.32083844795814542294,23.51208010089760236383,23.51524554312851833515,7,0.00005000000000000001,0.00015099999999999998,6,0.00475100000000000001,0.00022499999999999994,
3,23.55998336026960160439,23.57144349300588004326,23.63071038704514847950,7,0.00005800000000000000,0.00013600000000000000,10,0.00559899999999999981,0.00018200000000000009,
4,23.71649205064347754046,23.93283837811965852893,23.93283837811965142350,10,0.00007499999999999998,0.00026599999999999996,9,0.00624099999999999829,0.00029799999999999987,
5,24.04053420038497179689,24.04600948345364130887,24.05717520221843486183,9,0.00007299999999999999,0.00034999999999999994,11,0.00725100000000000050,0.00022099999999999984,
6,24.07427668056408975872,24.06434174221273636363,24.08536226126572898920,9,0.00008500000000000001,0.00035199999999999988,11,0.00811299999999999868,0.00048200000000000022,
7,24.09936290651473100866,24.10057488323879582026,24.12039290526255186364,8,0.00020999999999999995,0.00026899999999999992,9,0.00946199999999999819,0.00048199999999999979,
8,24.13401322363738898957,24.11205211796388425682,24.14454478144994098443,11,0.00010900000000000005,0.00033899999999999989,13,0.01075600000000000167,0.00055700000000000020,
9,24.17385097374100766388,24.27795565056388582548,24.27795565056388227276,10,0.00011999999999999999,0.00042500000000000003,13,0.01245100000000000373,0.00074000000000000107,
10,24.29408515409303248589,24.29532898338858615261,24.31606764314787128001,12,0.00013799999999999988,0.00046400000000000000,12,0.01322999999999999177,0.00036800000000000027,
11,24.32964616578898642274,24.32852775605704920281,24.35235402919126102006,13,0.00015700000000000002,0.00046600000000000027,13,0.01463899999999999924,0.00068200000000000031,
12,24.34301403139227204520,24.38514684331305204523,24.39254912114548901059,13,0.00016900000000000010,0.00052599999999999999,12,0.01585200000000000498,0.00076400000000000079,
13,24.40401553588973015962,24.40478185639186392564,24.43148334693098533421,11,0.00016099999999999990,0.00070499999999999990,13,0.01855199999999998517,0.00061800000000000049,
14,24.41785369441318565009,24.46551807468065931062,24.46551807468064865247,13,0.00016799999999999996,0.00075099999999999993,13,0.02061600000000002320,0.00120400000000000021,
15,24.46548558869279688111,24.51987151578825319120,24.54294289285816077495,13,0.00019000000000000006,0.00066700000000000006,11,0.03527399999999999980,0.00080800000000000316,
16,24.54022025138006313227,24.53483302194439374944,24.55180984431631685538,11,0.00021800000000000009,0.00085399999999999972,12,0.04401799999999997381,0.00109400000000000469,
17,24.56046088253326686868,24.55697318521220751109,24.57396222561349219404,11,0.00021699999999999975,0.00069599999999999957,12,0.03379600000000002047,0.00099000000000000477,
18,24.58619402526142749821,24.57385444892213044454,24.60739017752068491518,10,0.00019300000000000003,0.00075500000000000046,10,0.03617899999999996119,0.00116000000000000131,
19,24.64169397335243871794,24.60149935904139084641,24.64822756404982229128,10,0.00045100000000000001,0.00179900000000000025,12,0.04407700000000003282,0.00101199999999999901,
20,24.65504730906139485569,24.62861648332728847777,24.65964932410608767555,9,0.00021499999999999991,0.00073700000000000154,10,0.04688700000000001200,0.00102799999999998726,
21,24.66561271956976852948,24.63852200571384898353,24.67228783483906084939,8,0.00022000000000000014,0.00082899999999999988,12,0.04207999999999995078,0.00099499999999999589,
22,24.67808582973769304658,24.66449307395510359697,24.68696604166022368076,10,0.00021099999999999982,0.00115300000000000125,16,0.05992100000000000204,0.00111400000000000388,
23,24.69424829003688159901,24.66449307395510714969,24.69696366107848461979,14,0.00027600000000000020,0.00094200000000000013,10,0.05995700000000003804,0.00048600000000000032,
24,24.70110662878260043840,24.68144702409854218672,24.70195346776798928090,11,0.00026900000000000014,0.00082600000000000035,11,0.07339099999999998403,0.00096699999999999564,
25,24.71079630701979112928,24.74696631508266975175,24.75082996921714340033,11,0.00024699999999999982,0.00088099999999999984,13,0.07489699999999999136,0.00164300000000000557,
26,24.71960221237726784693,24.76509043132987386571,24.76809072251336729664,16,0.00036899999999999954,0.00111900000000000194,9,0.07312699999999994205,0.00183799999999999242,
27,24.74332040752411643325,24.76851645042888350190,24.78159285166073289020,12,0.00034300000000000042,0.00149700000000000180,13,0.06547800000000003617,0.00146799999999999708,
28,24.78595422234846878951,24.81006522758475085766,24.83217356175210355218,13,0.00035500000000000028,0.00094999999999999946,13,0.08067400000000002347,0.00283500000000000418,
29,24.79824512101203737302,24.83998504684782204777,24.84321634159330827174,15,0.00043899999999999929,0.00126599999999999976,16,0.09345100000000006180,0.00253000000000000447,
30,24.79888484686951244385,24.86956890379409657044,24.86956890379423867898,13,0.00037800000000000073,0.00097900000000000070,13,0.09451699999999996216,0.00249800000000000022,
31,24.85854448024156226893,24.91383838363084990419,24.91424305240520453708,12,0.00041099999999999991,0.00192400000000000210,16,0.10072700000000001097,0.00280099999999999794,
32,24.91093690670189175762,24.91594538741949449445,24.91792445335011407792,14,0.00046899999999999980,0.00120300000000000268,14,0.09545899999999996055,0.00264100000000000446,
33,24.91729560282963262807,24.96015493106277816082,24.96247803544206078641,14,0.00049399999999999965,0.00120100000000000068,12,0.08962699999999990119,0.00258899999999998021,
34,24.95109070481846202938,24.96915145917752099081,24.97821107596343992441,15,0.00046899999999999980,0.00114200000000000065,14,0.07911500000000004640,0.00345100000000000962,
35,24.99389484013702755760,24.97889115124739589646,25.00663036856369458860,13,0.00042000000000000023,0.00164499999999999716,14,0.09699600000000008215,0.00197699999999997877,
36,25.00424418046100072388,25.03915279983982955514,25.04492186913494577993,14,0.00053699999999999928,0.00130699999999999913,11,0.09154299999999992998,0.00246699999999999697,
37,25.02395084117311796490,25.04341323025748167197,25.05288796813632856697,16,0.00052400000000000016,0.00216200000000000073,14,0.10076299999999993595,0.00221299999999999275,
38,25.03911008121980330543,25.06120123469242955139,25.06207651860973228963,12,0.00047800000000000099,0.00153400000000000064,13,0.11282999999999998586,0.00370499999999998608,
39,25.06418811634644683295,25.07606974455714521355,25.07758690874394602588,13,0.00050500000000000024,0.00173500000000000043,12,0.10308399999999995345,0.00357200000000001960,
40,25.07668268068547945404,25.07606974455714521355,25.08077366155504961398,14,0.00055999999999999973,0.00261700000000000127,19,0.15835500000000024556,0.00081800000000004092,
41,25.07930297982192868744,25.07621072801545025754,25.08257123153086354250,16,0.00060900000000000017,0.00182399999999999923,14,0.15111900000000000333,0.00206499999999998352,
42,25.08317379237916711077,25.07763814455860540420,25.08610049415657172744,13,0.00053299999999999875,0.00224599999999999800,16,0.15972699999999973031,0.00269099999999999895,
43,25.08462632711619022530,25.08416513629176947120,25.08731866251704190063,17,0.00078000000000000118,0.00285599999999999743,13,0.20379900000000006344,0.00433999999999995500,
44,25.08645408962564715694,25.10576373033050145978,25.10576373033049080163,12,0.00054099999999999981,0.00210599999999999676,14,0.19330200000000008487,0.00559500000000001663,
45,25.09123447361965375535,25.10840443411102285154,25.10962045369642225978,16,0.00071399999999999936,0.00315599999999999908,13,0.15426299999999981694,0.00462899999999999423,
46,25.10527940627783394234,25.10884356264633510136,25.11120274428333232208,16,0.00068600000000000085,0.00225199999999999706,19,0.23474700000000003897,0.00547900000000001164,
47,25.11217049283007085592,25.10983166013052425569,25.11571371524482998439,17,0.00078300000000000071,0.00306399999999999728,17,0.18923999999999985278,0.00427700000000003078,
48,25.11638213390445173445,25.12448200003049336715,25.12787181285334980885,11,0.00066099999999999839,0.00326300000000000201,12,0.24195600000000005991,0.00578699999999998660,
49,25.11814724845955026922,25.12756309066355697723,25.13030116125849389164,15,0.00075199999999999920,0.00213999999999999607,19,0.27327300000000009916,0.00527099999999997015,
50,25.12627590080613160239,25.13254670961557479814,25.13486262256593306574,15,0.00079900000000000110,0.00273299999999999932,13,0.24872900000000042198,0.00511800000000001143,
51,25.12713110876358513224,25.13535015417050288988,25.13856316203365182105,19,0.00090600000000000055,0.00171899999999999831,18,0.26519799999999982276,0.00356299999999998285,
52,25.13023703907828476645,25.13934874303983235677,25.14416931756068862569,17,0.00085299999999999959,0.00246699999999999697,11,0.28151299999999945811,0.00554900000000002613,
53,25.13963204713989796346,25.14930873617005957499,25.15126148349271772986,19,0.00103100000000000067,0.00307699999999999640,16,0.23298700000000049926,0.00389099999999997781,
54,25.15032623897385377632,25.15626846566827623519,25.16512826160744609183,18,0.00093099999999999780,0.00308700000000000641,13,0.24765499999999995850,0.00542399999999998439,
55,25.16387981715632804480,25.16235567795245486877,25.19069287049727634553,16,0.00091800000000000215,0.00399700000000000055,17,0.33428300000000010783,0.00448799999999993648,
56,25.18099290067063833476,25.17641623014898044630,25.19664735038766423258,18,0.00093899999999999886,0.00441499999999998838,13,0.27857699999999940843,0.00507499999999994067,
57,25.18101968984629834836,25.18351282459430251492,25.20249842871935896937,19,0.00106300000000000144,0.00184100000000000930,16,0.30473499999999997812,0.00696499999999999897,
58,25.18198258208354545218,25.21834747341362259476,25.22106075692769877605,18,0.00096399999999999958,0.00304500000000000604,11,0.30882400000000043150,0.00765700000000002490,
59,25.19858487249818779219,25.24216097729445351661,25.24216097729445351661,17,0.00102599999999999913,0.00337599999999999012,12,0.31563300000000005241,0.01034200000000007336,
60,25.23068965882573522208,25.25644992262947496897,25.25808674260990471794,19,0.00114900000000000072,0.00352800000000000336,14,0.29253399999999984971,0.00802800000000003511,
61,25.24004741688451503023,25.25739909883452227746,25.26516842267388085475,21,0.00118699999999999709,0.00400200000000000555,16,0.31407600000000002183,0.00457899999999999974,
62,25.24702822553948422524,25.26032107555398908971,25.26767205211536193588,16,0.00110300000000000328,0.00362899999999999334,10,0.30909399999999997988,0.00602900000000006209,
63,25.25724360655654621155,25.26540489008813139549,25.26991154047772170088,19,0.00111199999999999841,0.00443999999999999950,19,0.37501699999999971169,0.01171599999999994868,
64,25.25913802707733424313,25.26917523094174811149,25.27392641338174072985,17,0.00110900000000000235,0.00423400000000000165,12,0.37992200000000053706,0.00792800000000004612,
65,25.25970138918008700557,25.27552116750234034726,25.27820415158058153793,21,0.00127099999999999436,0.00354200000000000348,14,0.39400599999999919021,0.00920699999999996521,
66,25.27457004556621811275,25.27864011430836299610,25.28042226571173145544,17,0.00115800000000000625,0.00623500000000000443,13,0.44571000000000005059,0.00880400000000003402,
67,25.27890784575330940243,25.29017355074704198614,25.29017355074702777529,18,0.00113199999999999412,0.00408400000000000429,11,0.47407600000000016394,0.00874600000000003153,
68,25.28147760250115183567,25.29483870952120483366,25.29485217001061414521,17,0.00122900000000000093,0.00380099999999998495,15,0.40847699999999953491,0.00786799999999998612,
69,25.28378327016582360898,25.30167268365824284615,25.30167268365824284615,21,0.00133600000000000385,0.00361100000000000310,12,0.49704499999999995907,0.00925199999999981593,
70,25.29747583325701043577,25.30279447795550140654,25.30348573265485967454,18,0.00123799999999999605,0.00542100000000000914,19,0.51213200000000114187,0.01203700000000007542,
71,25.29995951664042408424,25.30522931416957987949,25.30574924060852382013,22,0.00137100000000000416,0.00419300000000000228,13,0.47513700000000014256,0.00788999999999995261,
72,25.30266662323714399463,25.30826336914561025537,25.30885268945384680706,20,0.00129699999999999954,0.00764199999999998214,12,0.55492299999999872284,0.00824900000000017286,
73,25.30589811403736888451,25.31390718951568530315,25.31391288234329906004,19,0.00147800000000000015,0.00969600000000001017,13,0.53791800000000122850,0.00753900000000018444,
74,25.30887771783386597235,25.31579698591638205585,25.31623485257640027157,17,0.00130799999999999667,0.00620199999999998530,12,0.50749499999999869715,0.00552899999999989511,
75,25.31293511774482141163,25.31734433248956861462,25.31968458447717651438,19,0.00136100000000000110,0.00550800000000001289,13,0.45344300000000004047,0.00561000000000011489,
76,25.32058915181481140166,25.31847150033662074975,25.32249426532246516786,17,0.00148999999999999827,0.00615899999999999781,15,0.43007500000000042917,0.00576899999999991309,
77,25.32171428186258310689,25.31902172184249977249,25.32291542308270848594,17,0.00145499999999999796,0.00580400000000000360,13,0.53963099999999997181,0.00878200000000006753,
78,25.32215887431431156074,25.32358448041692255970,25.32486187289179113691,17,0.00135300000000000004,0.00506500000000001394,11,0.49316699999999968895,0.00917100000000004023,
79,25.32368073854231127484,25.32843138534396842942,25.32949113947922725743,21,0.00149300000000000127,0.00499199999999999644,16,0.47219100000000047146,0.00902800000000003600,
80,25.32854781078452788279,25.33126305947884304715,25.33229285943726338814,18,0.00144800000000000484,0.00466400000000000148,17,0.50184000000000139607,0.00704900000000008298,
81,25.32942319267198172383,25.33304898786928305299,25.33350496967537424098,16,0.00145399999999999696,0.00295399999999998442,15,0.56407399999999796592,0.00895000000000001350,
82,25.33347149029269118614,25.33310303090671311566,25.33522632501536264726,21,0.00166700000000000181,0.00417400000000001103,18,0.50332600000000127238,0.00923399999999996446,
83,25.33508080687658292618,25.33509997336154384584,25.33621293567838250738,18,0.00192499999999999616,0.00718900000000000095,11,0.63554800000000000182,0.01095599999999996577,
84,25.33519183694942000784,25.33637481242005762283,25.33681396759058301882,18,0.00152800000000000158,0.00327099999999999613,15,0.60578399999999987813,0.01401699999999994617,
85,25.33646418246986442568,25.33663042496361939016,25.33732772138181488231,16,0.00158200000000000007,0.00600499999999998257,19,0.69686399999999792954,0.01225399999999998712,
86,25.33687308847116526067,25.33923198165897261447,25.33929171543407932177,21,0.00193399999999999822,0.00618699999999999806,12,0.71056800000000208684,0.01148199999999999221,
87,25.33733111913824131989,25.34039805723336868937,25.34227348894717835037,17,0.00156000000000000583,0.00705500000000000571,16,0.51367199999999968441,0.01107499999999994600,
88,25.33864573833050215512,25.34231820578730776106,25.34460292759830579712,16,0.00170099999999999418,0.00688199999999999923,15,0.55658799999999786223,0.01251599999999997159,
89,25.34129184187803573991,25.34639475408784647925,25.34731211137499684583,19,0.00187299999999999967,0.00677300000000000124,13,0.47714300000000164914,0.01055200000000011684,
90,25.34141350485522536928,25.34856939056234637064,25.34969671972478266753,8,0.00130800000000000360,0.00653699999999998727,16,0.56111900000000147770,0.01250400000000029266,
91,25.34196734355649738291,25.34957434890729643939,25.35110740894855752003,16,0.00185199999999999254,0.00440299999999999025,18,0.62069099999999721717,0.01021899999999975606,
92,25.34211265598932882881,25.35319760637768027323,25.35368751110194907028,18,0.00197400000000000353,0.00386700000000000932,15,0.66317000000000092541,0.01463899999999984658,
93,25.34514486530107646445,25.37085484588234862713,25.37256763462242759033,19,0.00175799999999999568,0.00766899999999998139,13,0.68134999999999834586,0.01162300000000016098,
94,25.34546289429935939097,25.37640226178992008954,25.37944256608405169118,20,0.00177800000000000180,0.00359900000000001885,10,0.53085900000000307841,0.00833000000000039265,
95,25.36235742528753789315,25.39975398762569014366,25.40213997824727343300,18,0.00176500000000000268,0.00530300000000000216,11,0.47650399999999848433,0.00767999999999968708,
96,25.38118674088353543539,25.41109667859810272716,25.41654966964967243825,15,0.00189000000000000279,0.00682200000000005025,13,0.42800000000000082423,0.00918900000000011374,
97,25.40712764565326509114,25.41432124906921785623,25.41921998756901146521,20,0.00184900000000000342,0.00701299999999999146,17,0.60553399999999868442,0.00727000000000010971,
98,25.41632204999919864008,25.41503126000626267000,25.42121662397302017666,17,0.00193699999999999428,0.00717699999999998894,16,0.62595999999999918373,0.01469900000000023965,
99,25.42052224474398158804,25.42608685774423449288,25.42826388667225145923,22,0.00237700000000000411,0.00933100000000003371,13,0.81380900000000266914,0.01651999999999986812,
100,25.43006520573480599978,25.42723572992834490947,25.43257560929641769576,18,0.00188699999999999979,0.00874900000000000677,17,0.69588699999999903412,0.01026300000000013313,
101,25.43136173492417739794,25.43621768653215653444,25.43649937703952090828,18,0.00210499999999999576,0.00738899999999997892,14,0.76196900000000056252,0.01091599999999992576,
102,25.43452526042599615153,25.44068001735796613616,25.44075547007025051016,18,0.00215300000000000213,0.00977100000000002966,11,0.68615699999999790748,0.01287399999999960798,
103,25.43559129110112237981,25.44650247251331620646,25.44782723452916073370,21,0.00225799999999999612,0.00827299999999997482,14,0.61750600000000233081,0.01007899999999972707,
104,25.44371429066504575189,25.45545574505159436285,25.45577917863070283033,19,0.00211100000000000176,0.00569899999999995410,13,0.71184799999999981424,0.01392299999999968563,
105,25.44371429066504575189,25.46325837824818449917,25.46340972454019890847,18,0.00239000000000000323,0.00285200000000002118,14,0.76195799999999991314,0.01413799999999998391,
106,25.44790719119553656924,25.46674862841933162372,25.46733791516724565440,21,0.00239599999999999536,0.01050200000000001133,17,0.73324799999999612510,0.01898100000000013665,
107,25.45779764659947019823,25.47081219639636984198,25.47088579169498601118,21,0.00250100000000000322,0.00938099999999997269,11,0.66445500000000379259,0.01176600000000016522,
108,25.46400703267504894711,25.47539365744377093392,25.47788435895991554503,19,0.00208600000000000452,0.00823799999999996757,11,0.75881299999999640704,0.00845000000000029061,
109,25.47538949975566779926,25.48446758269602696600,25.48449959099799855267,20,0.00217199999999999338,0.00739899999999998892,12,0.74727299999999985403,0.00983000000000000540,
110,25.47617752554921821684,25.48587776666607496168,25.48707368965518682558,18,0.00235100000000000586,0.00549500000000002764,15,0.57983800000000229602,0.00990299999999999514,
111,25.48336472159993348896,25.48679104955979113356,25.48855577736679833833,16,0.00217799999999999938,0.00943500000000002670,16,0.76580599999999776628,0.01128200000000001424,
112,25.48402827731113262644,25.48992500306881936467,25.49057860518454532439,19,0.00320399999999999852,0.00560099999999996712,11,0.83218100000000561067,0.01439499999999993562,
113,25.48693291523781567776,25.48992500306881936467,25.49230685873381929696,18,0.00234700000000000186,0.00810699999999997534,14,0.80018799999999856709,0.00346599999999996911,
114,25.48901171474253857241,25.49043947162988743571,25.49302225724812487329,16,0.00265199999999998770,0.00956000000000001293,18,0.91034599999999699094,0.01036800000000015487,
115,25.48963872217940007658,25.49180157071526409140,25.49380248909666590862,21,0.00265600000000000558,0.00923499999999999321,19,0.95373800000000130694,0.01004799999999983484,
116,25.49393122842907288828,25.49450872367520304351,25.49510772911672162877,15,0.00213200000000000889,0.01381699999999996820,16,0.94161700000000081445,0.01284900000000011033,
117,25.49456106197746763087,25.49497315602685532099,25.49612842438973459025,16,0.00267699999999998495,0.00911800000000001498,20,0.98836800000000124555,0.01317000000000012605,
118,25.49596517730042677385,25.49633944284473230368,25.49738629677638357407,17,0.00273600000000001620,0.01201699999999999990,16,0.95451299999999861257,0.02383699999999988606,
119,25.49641116702525067694,25.49926221198035491966,25.49935812265027834655,17,0.00260399999999999521,0.01201299999999999590,11,1.02338499999999754664,0.01326800000000005753,
120,25.49858539898239229160,25.50455128686619588052,25.50462168287338116102,14,0.00230299999999999949,0.01473800000000002886,15,1.05693000000000125738,0.02276500000000059032,
121,25.50036014847024645746,25.51320188382842957253,25.51427542535764914078,14,0.00265199999999998770,0.01131599999999999273,12,0.90456300000000311456,0.01210100000000036147,
122,25.51301640512566493157,25.52296153454219762580,25.52986318711294089212,16,0.00271699999999999720,0.01026299999999991108,13,0.64318199999999592364,0.01055500000000009209,
123,25.52690999255368708987,25.53067130248948757298,25.53761637471969336843,18,0.00277299999999999769,0.01030500000000000860,11,0.72039300000000139335,0.01312299999999932965,
124,25.53699765739928295716,25.53457069489505215643,25.54841696128451289383,15,0.00251900000000002122,0.00681199999999992922,11,0.60464100000000087221,0.00818600000000024863,
125,25.54291654860415761163,25.55233037011130647898,25.55512660146559511531,16,0.00283599999999997743,0.00697899999999995746,12,0.66303899999999771353,0.01071899999999992303,
126,25.55033059377521098554,25.55799649540600881892,25.56054088461271689425,19,0.00289300000000000668,0.00858699999999990027,13,0.76650200000000268119,0.01003400000000009840,
127,25.56983597086237480767,25.56059890552057467517,25.57366334924403616924,19,0.00313099999999999490,0.00931300000000001571,18,0.65384699999999895681,0.00995900000000027319,
128,25.57106603011159151606,25.58216506638217424552,25.58231977501142040410,17,0.00302499999999999991,0.00709300000000001596,11,0.98027799999999842839,0.01524899999999984601,
129,25.57911333309347412523,25.58726678016171263153,25.59125388355056784917,17,0.00271500000000002295,0.00852699999999995129,15,0.79628699999999952297,0.01310099999999980724,
130,25.58932682352846299523,25.59216637864768273403,25.59775233093303015153,18,0.00287199999999998568,0.01113799999999998125,15,0.66443600000000202499,0.01188199999999994816,
131,25.59558202328288345484,25.60033482620505651539,25.60234196247903426524,19,0.00268399999999999195,0.01005700000000009364,14,0.63591600000000170212,0.01173800000000024824,
132,25.60189466331638641350,25.60255284639044504047,25.60316222748958736588,18,0.00286100000000000243,0.01319300000000001027,17,0.83621699999999776765,0.01923700000000039267,
133,25.60254230916225282044,25.60297168621894314811,25.60451127104028046233,16,0.00328800000000001313,0.00983699999999998465,18,0.74460200000000043019,0.01261899999999993582,
134,25.60502617243218637100,25.60535448556710846901,25.60759202023092484524,19,0.00303000000000000491,0.01482399999999994833,11,0.74063799999999702095,0.00881000000000042860,
135,25.60638659980572384711,25.60709421378333416897,25.60902736005315460943,15,0.00269699999999997719,0.01120699999999996699,18,0.75487700000000046430,0.02374600000000004485,
136,25.60886041438434901352,25.61092050541577691547,25.61187251427071132071,16,0.00340600000000002012,0.01459300000000007813,13,1.00368600000000185446,0.01747599999999938092,
137,25.61030201551419693828,25.61475836163337049811,25.61564748230266630458,18,0.00281299999999998218,0.00924000000000002597,16,0.95040499999999639158,0.01871200000000072805,
138,25.61118694222963299012,25.61533044514053614193,25.61606158041002245795,21,0.00294300000000000117,0.00739600000000006919,17,1.13028900000000476211,0.01827900000000060032,
139,25.61268809061510864922,25.61536030294720944767,25.61809438062230981359,20,0.00310900000000000065,0.00917800000000001948,16,0.91404699999999650117,0.01000499999999959755,
140,25.61332405002168499664,25.62451592810496237007,25.62516927979453740249,16,0.00260900000000000021,0.00684200000000001474,12,0.83512600000000247746,0.01845900000000000318,
141,25.61457251549789049250,25.62690986220243161142,25.62768477744058159828,19,0.00300500000000000766,0.00667499999999998650,17,0.82149400000000127875,0.01672200000000056974,
142,25.62104100073294077333,25.63100833101991682383,25.63111650338728964016,20,0.00311700000000000865,0.01011300000000003863,14,0.81482299999999696638,0.02138100000000076051,
143,25.62674557172707778818,25.63540717148096703681,25.63560320305722584067,23,0.00327299999999999813,0.00934000000000001496,13,0.91885299999999858755,0.02375600000000055445,
144,25.63487951892332361581,25.63626772666065889439,25.63726098367268235734,20,0.00322200000000000264,0.01236300000000001287,13,1.06737500000000551381,0.02107900000000029195,
145,25.63494526580665322513,25.63738302121255330235,25.63796862457935787916,19,0.00378599999999998382,0.01007500000000005613,16,1.11026100000000127466,0.02106199999999969208,
146,25.63642690828245562784,25.63742602857232810720,25.63881976898650805197,19,0.00317300000000000915,0.01527000000000000579,15,1.02503099999999847114,0.01187100000000018696,
147,25.63642690828245562784,25.63826861705718940243,25.63919161589546291680,21,0.00392699999999998606,0.00530000000000008242,13,1.16427099999999938973,0.01647900000000035448,
148,25.63743719152337163791,25.63915619261197420542,25.63975125571538171698,17,0.00316400000000000015,0.01608799999999999120,20,1.19176999999999111424,0.02511699999999983390,
149,25.63835130585528432334,25.64057399770839040798,25.64112346487415194929,12,0.00301800000000002067,0.01774200000000003552,16,0.88459699999999941156,0.01884999999999958931,
150,25.64104621376558057477,25.64110522778946688049,25.64197543104908305622,18,0.00368599999999999484,0.01328799999999996651,10,1.19795400000000995533,0.01628299999999960335,
151,25.64176011577863434354,25.65383845500866399902,25.65383845500867465717,14,0.00369300000000000184,0.01422599999999996090,13,1.20142400000000293403,0.02682599999999979445,
152,25.64291974990524991540,25.65420598576707078564,25.65481868061861447927,16,0.00369500000000000384,0.01373500000000005272,15,0.93090499999999565262,0.01697199999999998710,
153,25.64394067869792337433,25.65598480979982909389,25.65763720461259822514,17,0.00297699999999997966,0.00765100000000007441,12,1.04457999999999628926,0.01788800000000012602,
154,25.64598141532713171387,25.65865311441089247069,25.66213241598554617440,23,0.00353600000000001136,0.01150099999999998346,16,1.24832299999999918327,0.01698500000000002785,
155,25.65968368698258927907,25.67578718218993927280,25.67643313335240051742,18,0.00329999999999999738,0.01391200000000003545,9,1.30484900000000436648,0.02361599999999963728,
156,25.65992288820389433113,25.68432512480780971487,25.68778156766538955935,20,0.00426599999999999202,0.00929200000000007797,15,1.04873200000000110776,0.02427799999999979974,
157,25.67944701714731792208,25.68610326496829543430,25.69216258267050534414,24,0.00384699999999998932,0.01359699999999997022,18,1.24074899999999388456,0.02832599999999985130,
158,25.68500168992942533919,25.69557479172735270367,25.69738479201724601353,21,0.00378400000000000958,0.01515100000000002556,16,1.38820599999999672036,0.02887000000000039535,
159,25.69574780134891156536,25.70389634347334961717,25.70687831348354279726,21,0.00346800000000002662,0.01827599999999995894,12,0.97681100000001208628,0.01827500000000004121,
160,25.70484994524030852858,25.71328248542817007660,25.71397671069327373061,20,0.00445899999999999075,0.01979100000000000303,13,1.08928699999999878401,0.01664899999999924773,
161,25.71020576848555450056,25.71441098011103321141,25.71833854717981893145,18,0.00318499999999999339,0.02255899999999999572,14,1.00506399999999018746,0.01938100000000009260,
162,25.71385710379121647406,25.72370490474702364736,25.72431852924207262845,19,0.00351000000000001311,0.01583499999999993246,12,1.15092500000000086402,0.01853499999999996817,
163,25.71955410717391643516,25.72497850854834311463,25.72846409474344753221,21,0.00379699999999999482,0.01500900000000005008,13,0.98526000000001090484,0.02430000000000021032,
164,25.72169881457874041075,25.72985652760668173755,25.73032708095611553745,20,0.00385900000000000132,0.01245600000000002261,11,1.16263099999999042211,0.02008700000000018804,
165,25.72681528428856623236,25.73073033013085009202,25.73168741936179060303,19,0.00370399999999998508,0.01345599999999991248,20,1.08246499999999912234,0.02390299999999889735,
166,25.72873603795381924897,25.73174444120462922569,25.73485484549966528789,19,0.00386199999999997656,0.01293900000000003381,12,1.41655599999999992633,0.02084499999999955833,
167,25.72966962966906123711,25.73442110506805491354,25.73659133081155303557,21,0.00373600000000001709,0.01653600000000010617,17,0.95836500000000057753,0.02320899999999959107,
168,25.73085644288162399107,25.73444146872724758168,25.73812909224448119971,20,0.00355300000000002836,0.01478099999999993308,16,1.10085800000000233467,0.01046099999999938746,
169,25.73838870846151394289,25.74289862950050178370,25.74527444606226467272,17,0.00376999999999999558,0.01346199999999986296,16,0.99040700000000470027,0.02664700000000053137,
170,25.74225612080935832182,25.74586971350188591146,25.74664976800929139245,18,0.00379599999999996607,0.01653600000000010617,10,1.24390299999998887870,0.02044099999999993145,
171,25.74460439503094377756,25.74689604911658236119,25.74752057682419348339,21,0.00453000000000003400,0.01786899999999991273,12,1.25322100000001057651,0.03112100000000062039,
172,25.74471273246944491575,25.74740405933351894419,25.74773738112585164117,17,0.00369500000000000384,0.00865999999999989001,17,1.47734799999999211195,0.02571200000000040120,
173,25.74487735491605278071,25.75100404685905175484,25.75100404685905530755,19,0.00418699999999999628,0.00852500000000011582,7,1.46750400000000524869,0.03390699999999924330,
174,25.75128434443458758096,25.75343218138640821735,25.75567696603823719670,17,0.00443299999999996475,0.01602999999999998870,17,0.95535900000000140153,0.01465899999999997760,
175,25.75175239321313469532,25.75527770449082964888,25.75735728064263696524,16,0.00366500000000002935,0.01008800000000009689,14,1.20486599999999555166,0.01780399999999993099,
176,25.75509692116391136096,25.75957430530604597152,25.75957430530604952423,14,0.00334699999999998887,0.01694799999999996309,13,1.26820500000000890850,0.02131100000000074601,
177,25.75868873799770497612,25.75992306216399541086,25.76126322520302025509,16,0.00453399999999998249,0.01994899999999999451,14,1.17833399999999244301,0.01471100000000014063,
178,25.76151238733521964264,25.76072104369836424098,25.76231920804486463794,15,0.00361700000000003685,0.01566999999999985071,16,1.34886500000000353339,0.02487700000000003797,
179,25.76265551367301043229,25.76269068085541036339,25.76424850020914192328,12,0.00356599999999995809,0.01364999999999993996,17,1.09838599999999075862,0.03382700000000049556,
180,25.76306931379798470516,25.76475671091165864368,25.76520190258244369375,19,0.00434800000000001852,0.01362299999999994071,17,1.51917699999999911142,0.03663199999999910972,
181,25.76505554757770255492,25.77018961334892921400,25.77097888747438858559,23,0.00436300000000000576,0.01848699999999992016,17,1.84224200000001303579,0.03964099999999959323,
182,25.77049881599852199088,25.77145941911643944877,25.77807859346386010202,20,0.00478499999999998371,0.01991499999999990500,16,1.07002399999998942803,0.02722699999999989018,
183,25.77464858571313044422,25.77242317731985110640,25.77999761936068168211,17,0.00404599999999999405,0.01978799999999991677,17,1.07349200000000166710,0.01772099999999987574,
184,25.78209842738469959045,25.77554978403823326971,25.78642105429116426762,17,0.00394500000000003181,0.02191399999999998904,15,1.01085199999999986176,0.02131900000000008788,
185,25.78513284261955718080,25.78344718204892060953,25.78806006695285901742,13,0.00437499999999996225,0.01799499999999998323,15,1.30591499999999882675,0.02402000000000015234,
186,25.78758333408459790803,25.78929672944174100735,25.79015922380186154328,18,0.00398800000000004706,0.01975999999999999979,12,1.64634100000000671571,0.02657699999999962870,
187,25.78920488689024281825,25.78990469020174458592,25.79227129452696232192,16,0.00434599999999996101,0.02154399999999978554,14,1.18259399999999459396,0.01745799999999952945,
188,25.79154672467711506556,25.79095044442466644341,25.79528923722601518875,14,0.00415900000000002379,0.02230999999999982997,14,1.28504600000000834825,0.01805599999999962790,
189,25.79380684094129350115,25.79328678889203985136,25.79677875706850898041,18,0.00465599999999999348,0.02204500000000009230,14,1.46457900000000051932,0.02408599999999871955,
190,25.79635527848472165147,25.79372692724955840049,25.79737165159981771012,19,0.00423200000000001353,0.01665300000000002889,16,1.65734099999998818475,0.01991999999999904958,
191,25.79659603240317977679,25.79678776864914269140,25.79782643620236370907,17,0.00417899999999998828,0.01531800000000016482,19,1.59594400000000291584,0.01944899999999982754,
192,25.79804310292563940266,25.79819173892589745378,25.79910543550626655929,17,0.00451400000000001800,0.01973200000000008281,14,1.84051100000000644741,0.02632599999999918339,
193,25.79968116283863821536,25.80143084622947569073,25.80241164479349080807,20,0.00606999999999996431,0.01729200000000008508,15,1.47747999999999990450,0.02142599999999994509,
194,25.80083622577611635052,25.80402668027539547779,25.80707149963116009417,18,0.00504700000000002369,0.01920799999999989183,16,1.37939799999999479496,0.02361199999999996635,
195,25.80385881322220953393,25.80792098520953814500,25.81068260496915200974,19,0.00481199999999998296,0.02037200000000005673,19,1.44760999999999739885,0.02845999999999904162,
196,25.80898575848916109976,25.81164962922700567560,25.81500300905332068169,23,0.00546800000000002839,0.01820200000000005147,17,1.55471200000000919772,0.02252799999999943736,
197,25.81126557820838129942,25.82329009205058767407,25.82332157274579031991,18,0.00517599999999995841,0.01987300000000002953,13,1.70522199999999202191,0.02929099999999884574,
198,25.82137419080143914130,25.82628749888264962919,25.82682348450430254161,20,0.00425600000000003753,0.02123099999999999987,17,1.88804500000000530235,0.03546300000000002228,
199,25.82137419080143914130,25.82823180246388616865,25.82888100870026093503,18,0.00502299999999999969,0.00766099999999991788,12,1.83885399999999776810,0.02269100000000001671,
200,25.82828116963000297801,25.83781042892519508314,25.83806007537065951851,19,0.00457999999999997298,0.02213200000000004053,11,1.54975699999999960710,0.02818100000000001160,
201,25.83649216367620482515,25.83934379531097746963,25.83980732612354103139,19,0.00469200000000002948,0.01581399999999999473,16,1.33904699999999365900,0.02970299999999959084,
202,25.83765498636623902939,25.84045486114786527310,25.84123590369373602016,16,0.00425100000000000477,0.01129299999999999748,13,1.67668000000000461114,0.03590499999999963165,
203,25.83968073640071239083,25.84151907474718612434,25.84232900436714075454,18,0.00469399999999997597,0.01442699999999996763,13,1.54053300000001058834,0.02069999999999971863,
204,25.84247424125345560242,25.84228333561900825543,25.84320026830776129145,16,0.00411800000000001054,0.01531100000000007455,17,1.64315499999997882696,0.02413400000000009982,
205,25.84398678104973967606,25.84354323614163817524,25.84517239233286645117,17,0.00483499999999997820,0.01860599999999990040,16,1.57493200000001820626,0.02692200000000077864,
206,25.84597613125672666001,25.84431812788591287244,25.84676056289607970484,16,0.00425700000000001078,0.02004899999999998350,15,1.62458200000000374530,0.03105900000000083594,
207,25.84738973126039951467,25.84742486682909046181,25.84847705279052476612,17,0.00493899999999997119,0.02340700000000017766,10,1.66540499999999269676,0.02951099999999939882,
208,25.84825188157875430761,25.84823615853069611603,25.84954394511800757073,18,0.00550600000000001089,0.02295300000000000118,17,1.52954800000000545879,0.03678299999999978809,
209,25.84911365802713945072,25.84847709373989843584,25.84996642507937281152,15,0.00477800000000000447,0.01610000000000000320,15,1.65822599999998487874,0.03028399999999997760,
210,25.84949868911175840935,25.85436995498906753710,25.85444062918920238303,16,0.00451400000000001800,0.02230999999999982997,14,1.78155699999999228567,0.03321000000000040586,
211,25.85115414567042435579,25.85472957258917503509,25.85540093521837690105,21,0.00543299999999996563,0.02657400000000009754,15,1.71750700000001188528,0.02551300000000011892,
212,25.85206597812424789140,25.85728911452731892950,25.85735894385645394777,20,0.00487400000000004496,0.02698800000000001198,19,1.90161599999998998101,0.05235099999999981435,
213,25.85415919528484707257,25.86183052876527810326,25.86190023668039472682,15,0.00458999999999998298,0.01982499999999998153,15,2.15822500000001582521,0.02495500000000028251,
214,25.86006627395200041519,25.86417659692108728109,25.86478514825962093937,20,0.00555400000000000338,0.02657799999999999052,13,1.71706499999999095962,0.03556900000000062789,
215,25.86131314372157419257,25.86438553229037395909,25.86552759782330923599,19,0.00575899999999995860,0.01804200000000011350,16,1.90672100000000455111,0.02593500000000048544,
216,25.86423622387041731940,25.86594420410389005838,25.86725451623174265592,21,0.00509000000000003894,0.01990899999999995451,14,1.73069799999998963358,0.03968099999999985528,
217,25.86487625058414963064,25.86773576424097598192,25.86828869910945982724,19,0.00601099999999998857,0.01684099999999988384,14,1.96682599999999752072,0.02984900000000045850,
218,25.86696862245838346439,25.86933352558681065148,25.86983185027131426637,17,0.00514599999999998392,0.01833499999999999019,17,2.10648500000002059096,0.03612299999999990519,
219,25.86900318640862295183,25.87382700775043531394,25.87392358129092073682,19,0.00583800000000000985,0.01578299999999988046,13,1.77873999999999909960,0.03261899999999862132,
220,25.87299847670982089198,25.87679912485986832849,25.87680943775140463003,19,0.00510600000000005494,0.02091600000000015669,10,1.89994799999999486317,0.03113300000000052137,
221,25.87606418369551875003,25.87850012127865539924,25.87850012127866250466,19,0.00565199999999999037,0.03396100000000012997,10,1.91525999999998930434,0.04618400000000022487,
222,25.87759186139256684100,25.87881660705699005121,25.87900466840072866148,19,0.00531099999999995465,0.03060000000000018261,16,1.95574100000001749322,0.02785100000000184650,
223,25.87768362031060931372,25.88084252905286319901,25.88094317345566253152,17,0.00470999999999999197,0.01880900000000007566,16,1.57162499999998317435,0.03460499999999910870,
224,25.88002492340931581793,25.88121458396614116282,25.88169913465381100082,18,0.00614400000000003832,0.02761400000000024946,17,1.77319800000000782347,0.02366099999999704551,
225,25.88166517175783098992,25.88148265730971431253,25.88313464288478016329,21,0.00554799999999999738,0.02023600000000014276,10,1.87682000000000925866,0.03097899999999853549,
226,25.88295692588337004736,25.88349701496839472270,25.88435910816472329543,15,0.00524000000000002242,0.02005800000000013128,14,1.76596299999999928332,0.03571400000000224395,
227,25.88358868655469890996,25.88410923330856761027,25.88576443385761294280,17,0.00539699999999998514,0.01956800000000002981,15,1.76915499999998360181,0.02994200000000191153,
228,25.88435621208969550366,25.88687328809067977886,25.88743762694449301875,22,0.00670599999999998975,0.02096300000000006492,12,1.73753200000001584158,0.03849300000000255295,
229,25.88570626938773244774,25.88756095760012954088,25.88891079231438041575,20,0.00514099999999995116,0.01540000000000008029,17,1.51031999999997879058,0.02605600000000052319,
230,25.88710291892312298501,25.88812819002227527676,25.88960699730705528054,19,0.00640099999999999003,0.01914399999999982782,15,1.50442100000000777982,0.02942999999999784677,
231,25.88828283955475129119,25.88923839748648703107,25.89029375962716628123,18,0.00608800000000009334,0.01800900000000016377,15,1.93992299999999318061,0.05255299999999962779,
232,25.88901019899595112861,25.88947277286074211133,25.89070189817727296600,21,0.00534399999999990438,0.01618100000000000094,15,2.05539699999999925240,0.03841999999999856641,
233,25.88903455522250851573,25.89033405721861313964,25.89126868821521298969,17,0.00609700000000001907,0.01307999999999998053,16,2.25411400000001549415,0.03225399999999822853,
234,25.88934505123298634999,25.89081663397223564971,25.89140285677848041246,18,0.00536800000000003941,0.01304300000000013782,18,2.12434400000000778164,0.02739899999999906299,
235,25.88934670715940100649,25.89138603579313624437,25.89217239162434935906,15,0.00611399999999995281,0.01383800000000023900,13,2.28197899999997844134,0.04921900000000078990,
236,25.88934670715940100649,25.89249849018893101515,25.89290030851546475787,19,0.00547300000000006115,0.00811899999999976529,17,2.33489800000000968794,0.04732200000000119644,
237,25.88999642351441110577,25.89302614293937310208,25.89406719724162542207,23,0.00545799999999996288,0.02064200000000004920,17,1.92096599999999284591,0.03180000000000049454,
238,25.89035223647533712210,25.89422286294832886711,25.89488757882218550321,23,0.00619199999999997530,0.02431300000000025108,13,2.00195500000000947693,0.04129599999999911120,
239,25.89246394003367157666,25.89518930105122862528,25.89539005044310471249,21,0.00626400000000004731,0.01680399999999959704,18,1.84497600000000261389,0.04452999999999818215,
240,25.89473972615297725497,25.89522663172807170895,25.89561576335434622820,16,0.00504899999999997018,0.01762400000000008404,15,1.81844399999999950523,0.02448000000000050136,
241,25.89484360853544941961,25.89540478385906752123,25.89584407316572622904,12,0.00436300000000000576,0.01357700000000017226,18,1.97227799999998865133,0.04279000000000010573,
242,25.89530285737075132602,25.89600990285060433393,25.89642207539449358933,16,0.00579700000000005211,0.02134100000000005437,14,2.12769600000001446460,0.02591699999999974580,
243,25.89599243072269629806,25.89621341673545273920,25.89686871082849606296,14,0.00522299999999997766,0.02585099999999984632,16,1.98248899999998684507,0.03568399999999982697,
244,25.89705057776044228035,25.89919815347629494795,25.89942447580011020136,12,0.00527800000000000491,0.01892599999999999838,12,2.14764700000000630098,0.06743000000000165528,
245,25.89985996101889753618,25.90203357049257704148,25.90229745170225683637,15,0.00536799999999992838,0.02039900000000027802,16,1.96572499999999195097,0.03991800000000012005,
246,25.90079435067969271245,25.90382206174649937225,25.90417264167948729892,15,0.00538100000000008016,0.01803800000000022052,15,1.80235100000001580156,0.02553699999999992087,
247,25.90238197880426795905,25.90395179364685418477,25.90574317200393394955,18,0.00619999999999998330,0.02513100000000001444,17,2.15007499999998685780,0.01927599999999785041,
248,25.90641401553536482538,25.90600491999313703673,25.90765062842118382491,15,0.00525599999999992740,0.03081699999999987227,15,1.91860900000000356158,0.02712700000000012324,
249,25.90712309184669948081,25.90603849386519996756,25.90887467972870084054,18,0.00606500000000009809,0.02551000000000014367,15,2.07006499999999959982,0.02102000000000003865,
250,25.90794950476273328377,25.90824203889077637086,25.91080610147734830662,20,0.00607599999999997031,0.01935799999999998633,18,2.14032399999999256579,0.03894200000000225259,
251,25.91007398133683281571,25.91191207359203829697,25.91569744189041202276,21,0.00645899999999999253,0.02656499999999972772,14,1.75643900000000030559,0.03169500000000269324,
252,25.91324398749088686600,25.91798359779386018431,25.92048435278159956852,19,0.00648199999999998777,0.02484499999999956188,14,1.81991100000001893022,0.03744199999999864303,
253,25.91930882935193736216,25.92125112763271843619,25.92809434977357341268,17,0.00568800000000002637,0.01895200000000007989,17,1.70294599999999718420,0.03407599999999888496,
254,25.92766222074547499687,25.92499674967970690886,25.93052951638131276013,20,0.00707000000000002071,0.03762899999999991252,11,1.42114999999998303792,0.03538400000000052614,
255,25.93057902648454771111,25.92835215014454419702,25.93246778384856199295,15,0.00657299999999994000,0.02546099999999995589,13,1.56432499999999663487,0.03259699999999909892,
256,25.93278846122835545884,25.93096863338316282466,25.93397990014479148613,16,0.00788400000000000212,0.01730100000000023286,10,1.69859600000000909858,0.03388500000000149726,
257,25.93345373369205475456,25.93263683973722777409,25.93482875723857006278,17,0.00670199999999998575,0.02274500000000001521,14,2.04671099999998773455,0.04573900000000108435,
258,25.93464858938395423138,25.93263694462601165469,25.93571831683122397294,19,0.00728600000000001469,0.02475399999999972067,15,1.83706500000002392881,0.01776800000000022806,
259,25.93608638164126034553,25.93607661777193129637,25.93676923053513760919,21,0.00568000000000001837,0.02973099999999995191,14,2.23708599999997659324,0.03682200000000079854,
260,25.93739062811203055503,25.93666968042008846851,25.93856558765930486743,18,0.00689799999999995972,0.02986100000000035948,16,1.79364400000000046020,0.04276599999999675106,
261,25.94036585787035775752,25.94038129524111013779,25.94235769960216231311,18,0.00686600000000003874,0.03146799999999982944,13,1.48891600000001744775,0.04234800000000049636,
262,25.94249078193185198415,25.94395548098746928645,25.94493657092229810246,19,0.00718600000000002570,0.02707399999999982043,15,1.64093900000000303407,0.03681399999999968031,
263,25.94381781691245691945,25.94517955663707553526,25.94656503326685736965,15,0.00562899999999999512,0.02167200000000013560,17,1.47470699999999510510,0.03340400000000087744,
264,25.94595708152355229004,25.94636214153612741029,25.94693307755650124591,19,0.00728699999999993242,0.02935499999999979792,15,2.05408599999998386920,0.03647199999999983788,
265,25.94702753922449645074,25.94644793174374797218,25.94760807837331384462,19,0.00728000000000006420,0.02645300000000005980,18,2.09986800000001494482,0.03724400000000116506,
266,25.94791964864761268927,25.94660927937019323508,25.94843120329865016060,19,0.00730399999999997718,0.03597500000000009024,14,2.32996200000002318120,0.04244100000000017303,
267,25.94906242694062115106,25.94853927733544551870,25.95070896560577722312,21,0.00874500000000000277,0.02852699999999996905,19,1.67240499999996927727,0.04181700000000176942,
268,25.95242480976327570374,25.94901099080637862926,25.95394490149940835977,21,0.00788699999999997736,0.02838299999999982504,13,1.43245100000001457374,0.05074600000000017985,
269,25.95419557875722205154,25.94942655599020397972,25.95538831722930694923,22,0.00826099999999996282,0.02853200000000022385,16,1.94008300000001554508,0.03673200000000065302,
270,25.95530172117258871367,25.95421336728620076428,25.95906853418820858792,21,0.00852700000000006231,0.03108400000000033359,18,2.62471299999998564090,0.05586300000000221644,
271,25.96066755360102362715,25.95973169969155236458,25.96309325106428289587,22,0.00807000000000002160,0.03190099999999995717,15,1.95247699999998758358,0.04007100000000107798,
272,25.96640079291043434750,25.96657184666655027172,25.96809789941939428104,18,0.00808999999999993058,0.03515899999999971826,17,2.46721200000001772423,0.03980200000000166938,
273,25.96838051833194427331,25.96977811474723196739,25.97165382334783245710,19,0.00804000000000004711,0.04272600000000004172,19,2.35030499999999165084,0.04067599999999771399,
274,25.96840408084662499277,25.97100274364879268774,25.97317513811447753369,18,0.00748599999999999266,0.01772799999999996601,13,2.21343300000000908767,0.03501599999999882584,
275,25.96851045859964557394,25.97153892582515410936,25.97513134791785205380,18,0.00726400000000004820,0.02584499999999989583,13,1.76172700000000759246,0.02955000000000040927,
276,25.97241332406277436462,25.98671995524461664218,25.98685686846288334095,15,0.00615099999999990654,0.03608199999999994745,12,1.90763599999996813494,0.03598300000000165255,
277,25.97343387535441650016,25.99248803602221613573,25.99249638536707252001,21,0.00851600000000007906,0.02581999999999995410,14,2.30541499999998222847,0.04824200000000189448,
278,25.98000312355782170926,25.99310818345206541835,25.99531176020575884422,20,0.00746099999999993990,0.02331400000000005690,18,1.99521000000004278263,0.03230699999999941952,
279,25.99057214542949623137,25.99434422074129713565,25.99660169820516486539,20,0.00849900000000003431,0.03648899999999999366,18,2.56127599999996391489,0.02979900000000057503,
280,25.99057214542949623137,25.99995002308074276698,26.00184435066390875591,16,0.00697499999999995346,0.01330600000000004002,17,2.49573600000002215893,0.03363000000000226919,
281,25.99671987516638438365,26.00752973877039408990,26.00805416905033240482,18,0.00751500000000004942,0.02464699999999986346,13,1.80402399999996987390,0.04882000000000275008,
282,26.00214796305093756246,26.00849126692354928991,26.00918913128110787625,19,0.00894899999999998474,0.02608399999999999608,19,2.09941600000001926674,0.03056500000000283990,
283,26.00627977321664729971,26.01095042485871999816,26.01375148015867821982,14,0.00604499999999996707,0.02150100000000021438,16,2.07691499999998541170,0.03175500000000042178,
284,26.01188179984205106621,26.01126558948259770432,26.01509079780489486211,19,0.00795600000000007412,0.02116299999999959880,12,1.86119100000001935769,0.02452999999999860847,
285,26.01389249048414598064,26.01550687417245200095,26.01672543406836979329,17,0.00700999999999996071,0.02237000000000000099,16,2.35524500000002490196,0.04423600000000149635,
286,26.01558826247017819355,26.01760203680784400149,26.01906514557703431478,17,0.00808799999999998409,0.02596100000000012287,12,1.82136499999995749022,0.02627299999999976876,
287,26.01947097609887649128,26.02091851806211408871,26.02213255458303819978,14,0.00907199999999996898,0.03537100000000004130,18,2.00036000000000058208,0.03266499999999794568,
288,26.02192221216415290996,26.02339856926326078224,26.02355052726959172560,12,0.00594500000000008910,0.03654599999999996740,15,1.99831900000003770401,0.03803599999999818237,
289,26.02243214448142794026,26.02621354927369168308,26.02628617903301133651,15,0.00701999999999991520,0.03191699999999997317,9,2.28833199999996850238,0.04187200000000146360,
290,26.02510998932573826892,26.02796688004575287323,26.02844081504289164286,19,0.00688200000000005474,0.02179799999999998406,15,2.61758300000002464003,0.04787900000000178125,
291,26.02576492865338053662,26.02978035746017937413,26.03068352081893266359,19,0.00748900000000007893,0.02311799999999974986,13,2.16700499999996054612,0.03484100000000012187,
292,26.03007018406721329029,26.03184947859141118442,26.03259121989057334190,20,0.00976199999999982637,0.03535399999999988552,16,2.31631800000002385787,0.05071999999999832198,
293,26.03156025638313408876,26.03314109512867347007,26.03399442421936527126,16,0.00725700000000006895,0.03441999999999989512,14,2.17872699999998076237,0.03910100000000227283,
294,26.03336236452239305095,26.03358077157845329452,26.03464763415156468795,18,0.00744900000000003892,0.02915699999999965542,15,2.32326600000004646063,0.03420799999999957208,
295,26.03359212315803361548,26.03407839712956572953,26.03502778060501299251,17,0.00841399999999992154,0.02693799999999990646,17,2.21846899999997049235,0.05277500000000046043,
296,26.03426070458566599086,26.03419274513149517247,26.03516060265011944352,23,0.00876100000000001877,0.02906399999999997874,14,2.82434699999998883868,0.04670900000000344221,
297,26.03437573972475149731,26.03504742196592758319,26.03543199522383844169,20,0.00913600000000003298,0.02543699999999970984,13,2.76450700000003735113,0.04627099999999728652,
298,26.03507886997880760305,26.03541070068576601670,26.03581441856779576938,24,0.00956500000000004569,0.03802899999999986846,11,3.12995999999998275598,0.04908000000000001251,
299,26.03541416328292967819,26.03625627399364717007,26.03636594033039841634,24,0.00932699999999986318,0.03544500000000017081,14,3.16666500000002315574,0.06272200000000083264,
300,26.03590409263417981833,26.03726467745376993435,26.03739184422790842177,23,0.01194500000000009443,0.05001899999999981361,17,2.78693599999996877159,0.04974699999999998568,
301,26.03709655780090059807,26.03843306399066293011,26.03872962595957218923,20,0.00777099999999997237,0.04530000000000011795,15,2.63725499999998191925,0.05734899999999498732,
302,26.03783059871805605212,26.03956423194977531921,26.03956554359355735073,19,0.00724199999999997068,0.02829200000000042792,13,1.81125700000001188528,0.05588900000000052160,
303,26.03867562163861393287,26.03973532405014523761,26.03993666507864190862,19,0.00712800000000002321,0.02937600000000006872,19,2.60500899999999546708,0.04915400000000147429,
304,26.03959222544310847525,26.04005337307633638488,26.04018331712171274717,20,0.00813200000000002809,0.02771800000000013142,13,3.17945800000001099761,0.06633699999999720376,
305,26.03976695192622159425,26.04072477098809912377,26.04095497847497497901,20,0.01014500000000007063,0.03064599999999995106,19,2.82150300000000697764,0.04828799999999944248,
306,26.04024626250376428516,26.04095158249581842824,26.04198136336179558725,19,0.00876799999999988700,0.02994399999999952655,19,2.04609799999997221676,0.03801899999999847068,
307,26.04118208543723511639,26.04140432776751623578,26.04254437817687417578,21,0.00920999999999994046,0.03691800000000000637,18,2.28464600000000928048,0.03775900000000120826,
308,26.04234510625486009872,26.04401024301182587806,26.04428073186419112517,18,0.00707300000000010698,0.03296400000000065944,17,2.71130900000002839079,0.04099300000000027921,
309,26.04342913419863592139,26.04484507708568941098,26.04524814070664362475,19,0.00864700000000007130,0.03193900000000038375,18,2.50581699999997908890,0.06041700000000105319,
310,26.04435879930881370115,26.04496659145080172948,26.04565436101562170279,19,0.00835399999999997256,0.03942599999999973903,16,2.62947600000001102671,0.05987200000000569844,
311,26.04463583864620446207,26.04515149352066671895,26.04663707725149635053,22,0.00969799999999998441,0.04069900000000004070,15,2.55333200000001170338,0.04290000000000304681,
312,26.04509148145175245759,26.04568976038397565276,26.04777338106026007836,23,0.00927999999999995495,0.03494300000000016837,14,2.16949599999998099520,0.03934499999999729880,
313,26.04706471126599609534,26.04644162545842078771,26.04801519765749162616,21,0.00852600000000003355,0.03693900000000027717,18,2.90075100000001384615,0.04753199999999679903,
314,26.04744141958154557415,26.04792262960913973302,26.04854956567311319304,22,0.01016799999999995485,0.04078200000000009595,14,3.52949100000000726141,0.05360900000000157206,
315,26.04859812983310618506,26.04870482725115721223,26.04982441377437396568,23,0.00810099999999991383,0.03716299999999961301,12,3.20029699999997774285,0.04524999999999579359,
316,26.04899889777173527250,26.04955111944989454287,26.05045167976175690683,24,0.01241500000000006487,0.04551499999999997215,15,2.83275900000001001899,0.06911300000000153432,
317,26.04911019333949440124,26.05048591726079010300,26.05089731172478195731,22,0.00885200000000008203,0.04016500000000000625,12,3.36082799999996950646,0.06472099999999869624,
318,26.04926298694155661906,26.05103898635698200792,26.05155370227173960984,22,0.01066900000000003956,0.04596800000000023090,15,2.59401600000001053559,0.04154900000000338878,
319,26.05068674419344176840,26.05593114096078011244,26.05606645890498285212,17,0.00995499999999993612,0.05971599999999988029,12,2.59948300000002063825,0.04263299999999503598,
320,26.05458637592070658684,26.05780902131689913404,26.05805768012588430338,19,0.00771199999999994112,0.04339400000000015467,14,2.30583200000000942964,0.04015599999999608372,
321,26.05735927637221038822,26.05843888308595168724,26.05890808611044562326,17,0.00824400000000014010,0.04290600000000033276,16,2.53516600000000380533,0.04863899999999432566,
322,26.05794045860616137134,26.05859225359764863583,26.05934113231227655660,15,0.00922699999999987419,0.03136399999999994748,19,2.66823899999997138366,0.03558300000000258478,
323,26.05824675200146600673,26.05933961924122499454,26.06046946938486641443,17,0.01021099999999997010,0.02650200000000069167,13,2.47153300000002218439,0.02692100000000152704,
324,26.06110795877411590027,26.05952837412110056903,26.06187448642429060897,18,0.00895500000000004626,0.03441800000000050375,16,2.69396499999999150532,0.03602399999999761349,
325,26.06224489999197047041,26.06298270735305777634,26.06339477003700721980,20,0.01090900000000005754,0.04460300000000039233,14,2.58608099999997875784,0.05625799999999969714,
326,26.06388106937919602046,26.06423759722087396540,26.06486866293425919139,21,0.00925899999999990619,0.03152800000000066660,17,2.62222200000002203524,0.03827900000000283853,
327,26.06504109916388145507,26.06529175894187844165,26.06637026659860723043,16,0.01075300000000001255,0.04417299999999979576,14,2.84471899999999777719,0.03855300000000028149,
328,26.06573241554388076224,26.06748758372201990596,26.06774245798250078110,18,0.00818600000000002659,0.03549899999999972522,20,3.34944799999999531792,0.05529500000000098225,
329,26.06588188522839288908,26.06772961335505556235,26.06822732203551140628,17,0.01085200000000008380,0.03465100000000020941,19,3.00504300000000057480,0.04261999999999943611,
330,26.06616675009782468919,26.06964092446476399800,26.06964575500641601025,17,0.00774099999999999788,0.02945200000000003371,12,3.21203100000002450543,0.06316199999999838610,
331,26.06793781433645307288,26.06980620215759714142,26.07037343922864280898,16,0.00876499999999991175,0.03679499999999968907,17,2.75515199999995274993,0.04233899999999835018,
332,26.06923745520100865747,26.07045627063583026484,26.07084450457029234371,19,0.00861500000000003929,0.03485899999999997334,21,3.12490600000000995351,0.05457699999999476859,
333,26.06954685091274370734,26.07064128980417905268,26.07096577170312912131,18,0.01128299999999993197,0.03008499999999969532,21,3.32204699999999775173,0.06912800000000629552,
334,26.06954685091274370734,26.07136246550769342889,26.07150155986178674539,19,0.01289000000000006807,0.01679399999999997561,19,3.59502200000002858360,0.05295100000000019236,
335,26.07034029943579866995,26.07181533942665652148,26.07275578609639410388,15,0.00992999999999999439,0.03523899999999979826,12,2.66539299999999457214,0.04518800000000311456,
336,26.07045986078566812694,26.07186066885888209299,26.07349273524791399836,15,0.01008499999999989960,0.03006900000000012341,18,2.95189899999996896440,0.03062200000000103728,
337,26.07151407636512274735,26.07316854308437470422,26.07408418140416728193,16,0.00856000000000012307,0.02761600000000008492,18,2.67025300000000243017,0.05594400000000376849,
338,26.07333428722303381164,26.07804548876455541517,26.07813735657466480689,12,0.01169699999999984641,0.03134800000000037556,14,2.63500600000003259993,0.06252300000000587943,
339,26.07413188622346922330,26.07843119396170195046,26.07882540549951499997,18,0.00959700000000007769,0.03136499999999919908,16,3.23919100000000526052,0.04367500000000035243,
340,26.07507324304583207208,26.08226028534156171190,26.08232024773100832249,18,0.01135400000000008625,0.03840900000000058157,12,3.37819199999995589678,0.07367400000000401405,
341,26.07985520926442291056,26.08506772701315412633,26.08508119517310674951,19,0.01087899999999986100,0.04199899999999967548,16,2.61196100000000797081,0.04172499999999956799,
342,26.08364759101685237397,26.08590815443940158502,26.08620805462340896952,20,0.01126599999999999824,0.03226300000000037471,19,2.40603100000004133108,0.04554799999999659121,
343,26.08591822401253423891,26.08760890543740273984,26.08826766265711327719,19,0.00956000000000001293,0.03537200000000062516,16,3.00842299999999340798,0.04709199999999924557,
344,26.08729893571939584263,26.08807346576884000910,26.08873183968027831270,17,0.00795300000000009888,0.03399900000000055655,15,2.57131599999996751649,0.03802300000000258251,
345,26.08848649080272252831,26.08831372106651258491,26.08952335150615553516,17,0.00814999999999987956,0.02616300000000038040,12,2.65295400000002246088,0.03255600000000669070,
346,26.08901325503456192223,26.09113884519360482273,26.09158537019801471502,18,0.01181000000000009820,0.03664299999999975910,18,2.60985799999997425402,0.04702999999999946112,
347,26.09391721699083532826,26.09281504315422850482,26.09576120352529571278,19,0.01065500000000008107,0.03144799999999925433,17,2.70021600000001171793,0.04292000000000228965,
348,26.09422865934063651139,26.09703317990922499803,26.09963799459622890708,18,0.01079900000000000304,0.03296999999999972175,17,2.45286299999997936538,0.04115300000000132741,
349,26.09728068490448293915,26.09747695338907647056,26.10174766140678315196,20,0.00886299999999984323,0.02549600000000040723,18,2.21143000000000711225,0.04218999999999795136,
350,26.09833531681314156003,26.09912806414338959371,26.10327561230090509525,16,0.01263499999999995183,0.02349800000000001887,17,2.28766200000001163062,0.03881299999999754391,
351,26.10336393877265948049,26.10733016200996914336,26.10888104565470868579,16,0.00886000000000009003,0.03482099999999999085,14,2.03127200000000129876,0.03924700000000314049,
352,26.10604212439315929828,26.11202264339077672162,26.11375011928377176673,18,0.01231699999999991135,0.03437999999999963308,13,2.62290699999999787906,0.05620400000000103091,
353,26.10875628068921372460,26.11360841171748958800,26.11601256713673535614,17,0.00950200000000012146,0.03357900000000046958,14,2.50591300000002092929,0.05887099999999634292,
354,26.11188054504818012447,26.11761412841996587986,26.11770120535245354176,21,0.01088800000000000878,0.04082200000000035800,14,2.63633599999997159102,0.05293499999999795591,
355,26.11794114211786421720,26.11866969150693051915,26.11897798480138632726,20,0.00857799999999997453,0.03524400000000049715,17,2.65634599999998499698,0.06008599999999830743,
356,26.11797626572684549728,26.11868540384233838836,26.11922643702938273691,17,0.01129599999999997273,0.02267100000000077387,15,2.91333800000001019725,0.04675599999999491274,
357,26.11810582671248326392,26.11894179908224700171,26.11978962158605455102,15,0.00867100000000009530,0.02966800000000002768,17,2.89651300000002720481,0.04694199999999426609,
358,26.12016390206892069159,26.11991135725045509730,26.12126553990968957919,19,0.01218099999999999739,0.03488999999999986557,17,2.68925000000001546141,0.05849099999999651800,
359,26.12097896677103037177,26.12023060956781250752,26.12265006125809208015,18,0.01026700000000002611,0.03905100000000061300,16,2.96795299999996586848,0.04314099999999854163,
360,26.12143227865352557160,26.12243243023480587794,26.12423944834456435160,20,0.01561099999999981947,0.03679300000000029769,14,2.35418099999998275962,0.06593900000000019190,
361,26.12428828895836119273,26.12288838942909663388,26.12565519759643350994,20,0.01332200000000005602,0.03262500000000034817,9,2.61962600000003931200,0.06198499999999995680,
362,26.12521051504101166074,26.12419556313808044479,26.12621510762073029355,21,0.01153000000000004022,0.03614400000000017599,11,2.93537599999996245970,0.05242299999999744387,
363,26.12558999817034077751,26.12619977258410131071,26.12764529329754381592,17,0.00996500000000000163,0.04146699999999992059,11,2.64676900000000614455,0.08122600000000090859,
364,26.12645574507343226855,26.12841387602759724018,26.12881932637773374495,23,0.01241000000000003212,0.05722100000000018838,14,2.62560100000001739318,0.05135899999999793408,
365,26.12772922727380375818,26.12876662117756154657,26.12965062539765881411,20,0.01191100000000000492,0.04279900000000047555,15,3.25546400000001767694,0.04924700000000115097,
366,26.12786371899951021192,26.13030425980521087581,26.13066779021376717651,22,0.01818799999999987094,0.03815800000000013625,9,3.29316099999999778447,0.05340600000000250702,
367,26.13013778671085063365,26.13038844798119342272,26.13187306022919287329,17,0.01011300000000003863,0.04228300000000029257,17,2.54424299999993763777,0.06506199999999751071,
368,26.13121259792572459446,26.13140049501637918183,26.13212874505254745827,20,0.01115599999999994374,0.04927900000000029479,18,3.09041500000000723958,0.06216099999999613601,
369,26.13150511971602796280,26.13140049501637918183,26.13238109298070455111,21,0.01453900000000007964,0.03773499999999962995,11,2.37429200000008222560,0.01765999999999934289,
370,26.13167209465018103742,26.13175202630471716247,26.13280054118772710581,20,0.01398699999999997168,0.03633699999999961960,14,3.04411899999990964716,0.05769099999999838246,
371,26.13228053098784187114,26.13294388530060530229,26.13311019521810862898,20,0.01005000000000011440,0.04264899999999993696,13,2.68725500000005013135,0.06759700000000634645,
372,26.13282236025242610822,26.13318860170522128783,26.13347821505401213926,21,0.01139000000000001123,0.03417400000000014870,16,2.88311199999998279964,0.05491399999999657666,
373,26.13311778446004751686,26.13340145185158291952,26.13372829590392854016,23,0.01256599999999985506,0.04677500000000023306,14,3.32104200000003402238,0.05767999999999773308,
374,26.13338932907183931320,26.13390981831343751196,26.13417863679283215106,19,0.01127699999999998148,0.03943999999999991957,16,2.47246099999995294638,0.04433800000000331920,
375,26.13421170783692559780,26.13401821066812757977,26.13444449066360064649,18,0.01047500000000001208,0.05421799999999965536,12,2.89470800000003691821,0.05869500000000016371,
376,26.13425550989905943311,26.13420402565582634224,26.13452657528763722894,22,0.01120800000000010677,0.03212900000000029621,13,3.29904399999998076964,0.05994799999999855800,
377,26.13431941481894682511,26.13436690075129931188,26.13464034736059105057,21,0.01706900000000000084,0.02994500000000055451,8,3.62200199999995220423,0.06390999999999991132,
378,26.13451715639278560843,26.13468385282068950914,26.13486115338648119177,22,0.01219999999999998863,0.03388100000000004997,14,4.07111400000007961353,0.08230100000000106775,
379,26.13463652123716229880,26.13482660789868106122,26.13502458764696712024,25,0.01985299999999989851,0.03827099999999994395,10,3.01447599999994508835,0.06740099999999671354,
380,26.13499604974032308746,26.13515242497734547555,26.13529254467482942914,21,0.01138300000000014300,0.04257199999999983220,12,3.28422799999998460407,0.06811499999999881538,
381,26.13536434347485126750,26.13529651059782210609,26.13549809684937486054,21,0.01485699999999989807,0.03896299999999985886,20,3.56174100000009730138,0.07584800000000058162,
382,26.13542084486438810131,26.13533129165771029534,26.13559298454699941772,17,0.01179900000000011495,0.04778999999999999915,14,3.70913899999993645906,0.06143499999999590955,
383,26.13543556571994130877,26.13557706336015939996,26.13568125965595712046,20,0.01264199999999982005,0.03677599999999969782,14,3.56722000000002026354,0.07857500000000072760,
384,26.13565364631696041897,26.13564171974478256288,26.13583927714415011678,22,0.01188699999999998091,0.05957699999999999108,11,3.09833200000002761954,0.05252999999999730107,
385,26.13578053372600606963,26.13580717041672230039,26.13591710776631416024,21,0.01657600000000014617,0.04254499999999961091,18,3.74382299999990664219,0.05314400000000318869,
386,26.13589832888879982420,26.13589137074994539489,26.13598812898854717446,15,0.01274900000000012135,0.04980699999999949057,15,3.53605400000003555760,0.06725099999999883948,
387,26.13593664442371178325,26.13618541833292496790,26.13623237779492924915,17,0.01177099999999997593,0.06497500000000044906,14,4.21998100000007525523,0.06676900000000074442,
388,26.13633909855075643236,26.13622661058579055293,26.13662376264570497142,20,0.01085000000000002629,0.04255000000000030980,13,3.71007499999996070983,0.05833700000000163755,
389,26.13701302904454237819,26.13643234756931832408,26.13733149050439763528,21,0.01102299999999978297,0.05006800000000044548,15,2.81626199999993787060,0.08173299999999983356,
390,26.13734152789927023264,26.13697211913538254180,26.13767587212707610433,17,0.01118700000000005801,0.05583500000000007901,12,2.93726500000002488378,0.09381399999999473494,
391,26.13769604910885391291,26.13795316057507633900,26.13805664892385038911,17,0.01067300000000015459,0.03901299999999974233,15,3.11623299999996561382,0.06146100000000132013,
392,26.13811179846032928253,26.13805938386289540176,26.13826310846246414599,22,0.01571799999999967667,0.04688199999999920209,17,3.22829300000000785076,0.05012299999999925149,
393,26.13825816541558211270,26.13808115633467465955,26.13832985810164899476,18,0.01306500000000010431,0.04934200000000021902,12,3.48152200000004086178,0.05444300000000623641,
394,26.13831001395088193817,26.13808900836921012001,26.13838072218689490001,19,0.01229300000000010940,0.03513600000000050017,11,3.65913199999999960710,0.05177700000000129421,
395,26.13835939999140123291,26.13818661513929697549,26.13851728863951962012,23,0.01420200000000004792,0.04229500000000019355,15,4.03613300000006347545,0.07067899999999838201,
396,26.13843409710181475702,26.13823674930782559045,26.13864850744581147524,20,0.01930999999999993832,0.05368500000000064887,14,3.94799499999999170541,0.05986099999999794363,
397,26.13848738743927668793,26.13855975161227362946,26.13868852907296869148,20,0.01452199999999992386,0.05132500000000028706,12,3.72912999999994099198,0.07020099999999729334,
398,26.13862439207746746206,26.13879015580896236770,26.13882894130216882900,17,0.01833200000000001495,0.04103300000000054126,12,3.94498999999996158294,0.05819500000001198714,
399,26.13875739464550562730,26.13887175807922247373,26.13891660872761235623,17,0.01030899999999990158,0.05597600000000024778,12,3.15452100000004520552,0.08111399999999946431,
400,26.13896082374195017906,26.13893398211744312221,26.13908304207259547525,21,0.01245099999999998985,0.04954999999999998295,12,3.27442099999996116821,0.07602599999999881675,
401,26.13901768204559061815,26.13904450104996612936,26.13927855805174971238,19,0.01269499999999990081,0.04254099999999993997,16,3.34867600000006859773,0.05857299999999554529,
402,26.13924369107300194059,26.13919529601261260154,26.13936720506965727395,18,0.00987200000000010292,0.06333199999999994390,14,2.97073100000000067666,0.07361300000000881028,
403,26.13930956799900329202,26.13934543867172521914,26.13945962589651017538,17,0.01311900000000010280,0.05325999999999986301,13,3.06171099999994567042,0.05908100000000615637,
404,26.13939713215816951219,26.13962518866340545287,26.13963988194674570309,18,0.01121799999999995023,0.03380199999999966565,15,3.64403200000003835157,0.06191400000000157888,
405,26.13949441516595229018,26.13969212588240154105,26.13970891443293709244,19,0.01383700000000009922,0.04199300000000150135,18,3.90980500000000574801,0.07771400000000028285,
406,26.13960703516658412582,26.13974522394564559136,26.13976379019588591746,20,0.01468099999999994409,0.03924600000000033617,12,3.54801199999997152190,0.05894900000001257467,
407,26.13975736805875982327,26.13974897419018716960,26.13982621121951410714,22,0.01250699999999982381,0.04302400000000083935,16,3.50980300000003353489,0.04662199999999927513,
408,26.13981082177649639675,26.13990969773622907724,26.14002615993202027767,20,0.01189100000000031798,0.05628600000000005821,15,4.24960399999997662235,0.10459500000000332420,
409,26.14000947288707621396,26.13995376191283881440,26.14017705270436309206,16,0.01112099999999971445,0.04376999999999853230,15,3.02384800000004361209,0.07366700000000037107,
410,26.14013227079173518064,26.14003221978459734487,26.14030903369742731002,15,0.01140200000000035629,0.03982799999999997453,17,2.93704600000000937143,0.07757499999999595275,
411,26.14022015417260647041,26.14003221978459023944,26.14035553958846236355,18,0.01267399999999963001,0.04700300000000012801,13,3.65638699999999516876,0.04209400000000584896,
412,26.14028629235156486743,26.14008676195021152466,26.14042017572502984990,21,0.01840500000000000469,0.03985600000000033560,15,3.75274199999989832577,0.06918800000001112949,
413,26.14041901083892227575,26.14043377795879763426,26.14054174151846154928,21,0.01362299999999994071,0.05585099999999876275,14,3.74086600000009639189,0.11796099999999398733,
414,26.14053511758380565766,26.14063156198463033775,26.14072803338122241712,22,0.01713600000000026213,0.05688699999999968782,11,3.74365199999999731517,0.09406500000000050932,
415,26.14072950584270671470,26.14068780921100909609,26.14080018611885591895,22,0.01844599999999996243,0.05770300000000005980,18,3.85300699999993412348,0.09181300000000192085,
416,26.14081641788083132383,26.14076171221591593508,26.14090714631837997217,20,0.01593100000000013949,0.05950300000000119383,11,3.58473300000002836896,0.06493799999999794181,
417,26.14091249905674985143,26.14087922640227290572,26.14098618798071882452,20,0.01960000000000006182,0.06008000000000102148,13,3.72276999999996860424,0.06021400000000198816,
418,26.14097234038425554559,26.14092393234995626017,26.14111348347606877951,17,0.01095999999999985874,0.04239899999999963143,16,3.26175999999998111889,0.05969499999999072770,
419,26.14110523939582009234,26.14111762772186864368,26.14121894129566925358,19,0.01430700000000006966,0.06176499999999940371,17,3.67516299999999773718,0.07435200000000463660,
420,26.14112458971897723359,26.14114027980317445099,26.14123885280934800335,15,0.01607799999999981466,0.06683699999999959118,14,4.07513200000005326729,0.06501900000000659929,
421,26.14117318931812050664,26.14116215916829943922,26.14126983975980422770,18,0.01205299999999986937,0.06047600000000130649,16,4.62691199999994751124,0.06167399999999645388,
422,26.14118933047700821248,26.14126148131214222303,26.14133827829186529357,21,0.01830700000000007321,0.05996300000000154284,14,4.04495900000006258779,0.06201199999999573720,
423,26.14132950676455280359,26.14127776050811391428,26.14145681493014095054,21,0.01226900000000030744,0.06248700000000084742,13,4.80196200000000317232,0.07301400000000057844,
424,26.14138270058592539158,26.14130610734165927056,26.14148929714569646876,21,0.01226599999999988810,0.04352199999999939450,12,4.78879299999994145765,0.06549799999999095235,
425,26.14146425193152367683,26.14147279447801963670,26.14153166716793563751,19,0.01352900000000012426,0.07089199999999884483,15,4.07495200000005297625,0.05556300000000646833,
426,26.14146959129470104699,26.14149689557281774910,26.14155431396706674718,20,0.01286399999999998656,0.05867000000000111015,14,6.34914500000002135494,0.06081100000000105865,
427,26.14154508421067646395,26.14156886373924848499,26.14161644946707596660,21,0.01185799999999970211,0.04908299999999954366,16,4.36571900000001278386,0.05631200000000546879,
428,26.14162607412367478332,26.14166324871089841508,26.14171030663073125311,22,0.01705000000000023164,0.05800599999999889178,16,3.71837799999991602817,0.07288400000000194723,
429,26.14169717453679453456,26.14173968323541785708,26.14179628860844673000,19,0.01489699999999993807,0.05728399999999922443,13,3.85971100000006117625,0.06821000000000765340,
430,26.14173562192358346579,26.14200697532828243652,26.14206427657470754866,19,0.01178999999999996717,0.04353399999999929548,13,3.85029799999995248072,0.08288299999999537704,
431,26.14206861860778730033,26.14205029942440816626,26.14224497270278746441,19,0.01216099999999986636,0.04052899999999937108,17,3.57443699999998898420,0.04824899999999843203,
432,26.14221533826591681304,26.14214845271700937701,26.14227735685899745022,19,0.01262499999999988631,0.03748500000000021259,13,4.58545800000001690933,0.06773300000000403998,
433,26.14225084998048842522,26.14226339327755965769,26.14231037095344234444,18,0.01177200000000011570,0.04708099999999859619,19,3.21335499999997864506,0.07373499999999921783,
434,26.14231925523488442309,26.14226339327755965769,26.14234196135987176035,13,0.01132100000000013651,0.04635999999999995680,17,3.78805199999999331339,0.01885599999999953980,
435,26.14233124399943619665,26.14230760596764469028,26.14238774847697754922,18,0.01131899999999985695,0.05105599999999910210,17,4.04378600000006827031,0.05927099999999541069,
436,26.14236796155708475453,26.14241424315901340947,26.14245608287759381483,19,0.01526199999999988677,0.05910500000000062926,11,4.19719599999996262341,0.06968200000000024374,
437,26.14239137116850386633,26.14246357642492313289,26.14252772281158243572,21,0.01579900000000034055,0.05465000000000053149,17,3.90503000000001065928,0.09273900000000878663,
438,26.14244458046934482809,26.14248178917604903404,26.14255387333413693796,18,0.01134099999999982344,0.06674300000000066291,12,4.24216499999999996362,0.10090399999999988268,
439,26.14247066048343626221,26.14252834764554833669,26.14261032397391915083,20,0.01472799999999985232,0.04241700000000037107,18,3.51426400000002558954,0.09814599999999984448,
440,26.14259893346323693208,26.14270934346676966697,26.14277065540844802172,21,0.01511800000000018684,0.04788799999999859835,13,4.30171899999993456731,0.08829000000000064574,
441,26.14270885176513914416,26.14281721035554184596,26.14307499615143370875,20,0.01242900000000002336,0.04562699999999964007,14,3.89283699999998589192,0.07428099999999915326,
442,26.14316816103123386483,26.14310751350161865503,26.14330362189013001739,17,0.01121699999999981046,0.04850000000000065370,19,3.74068200000010619988,0.08435599999999965348,
443,26.14334487759256830941,26.14313485846605544793,26.14357604904165199855,18,0.01486000000000009535,0.04630099999999970350,13,3.03304399999990437209,0.04771399999999914598,
444,26.14348118984986868441,26.14332823159231722343,26.14389604916734555218,19,0.01529200000000008330,0.04199799999999953570,18,3.29848400000003039167,0.10631899999999916417,
445,26.14370118345359728096,26.14344784587866499237,26.14427447330589515673,15,0.01470100000000007512,0.04170500000000032514,18,2.73616000000004078174,0.06551699999999982538,
446,26.14445419382097313132,26.14491518042941819999,26.14537921867001202259,19,0.01679500000000011539,0.04189799999999976876,12,3.70267300000000432192,0.08571999999999491138,
447,26.14468014221849401224,26.14495075484711605895,26.14553159207401833442,14,0.01065199999999988378,0.04080700000000092587,18,3.29406399999993482197,0.04560700000000394994,
448,26.14504992453462861590,26.14559221241617592568,26.14600115339259644998,17,0.01016400000000006187,0.03957200000000149487,14,3.20692300000007435301,0.09131800000000112050,
449,26.14543852951788593941,26.14573890141637946272,26.14622039436184763872,20,0.01341999999999998749,0.04212500000000041211,16,3.58668199999999615102,0.06647599999999442844,
450,26.14563588080522649193,26.14598592848054536830,26.14628850864774989304,17,0.01149699999999986844,0.03312599999999932265,17,3.38450599999998757994,0.06899699999999597821,
451,26.14615436393299319207,26.14615376240959676579,26.14673506534293068171,18,0.01310600000000006204,0.02948999999999912802,11,2.72297400000002198794,0.05959300000000666842,
452,26.14683164693722616789,26.14615388235083059953,26.14700694425368254770,15,0.01188600000000006318,0.05214199999999991064,17,3.13431699999989632488,0.02521400000000539876,
453,26.14698572993793490582,26.14684935030406975898,26.14717140713757004278,18,0.01286100000000001131,0.03835499999999925080,12,3.25189000000000305590,0.07079900000000804994,
454,26.14737987290294540799,26.14776977096535404144,26.14852981900815720451,13,0.01127399999999978419,0.05589300000000108071,11,3.34747700000002623710,0.09298499999999876309,
455,26.14815918813965467393,26.14892927611953155065,26.14942047330248797721,18,0.01773600000000019605,0.04906899999999936313,16,4.01980900000000929140,0.08371900000000209729,
456,26.14952737984265240812,26.14919730090602811856,26.15002928226861200756,23,0.01686699999999996535,0.07486199999999954002,14,3.69502999999997427949,0.08182299999999997908,
457,26.15010650609744402573,26.15016217402463993835,26.15129031326120667700,17,0.01162499999999999645,0.06864799999999959823,14,4.03453300000001036096,0.08187300000000163891,
458,26.15180405126140783523,26.15159597699331328613,26.15296245641472339116,21,0.01423400000000007992,0.07333899999999893282,16,2.77990599999998266867,0.05970299999999895135,
459,26.15297035707716233333,26.15332357121113915355,26.15350473707990630601,15,0.01088199999999961420,0.03685800000000050147,16,3.41394000000002506567,0.06630899999998973726,
460,26.15332296608842810315,26.15347407642011390294,26.15380949731839876904,17,0.01705500000000004235,0.03589899999999879299,10,3.33620500000006359187,0.05237400000000036471,
461,26.15359140027054607458,26.15433966058679615685,26.15449120739489785592,16,0.01393400000000033501,0.04841200000000078774,13,3.58597999999994954123,0.07240000000000179625,
462,26.15431325922984839849,26.15515623198882977363,26.15569349611116578558,18,0.01603899999999969239,0.04923299999999919407,14,3.26999000000000705768,0.05902699999998617386,
463,26.15560150375891979024,26.15539748394679619992,26.15609908816771778106,17,0.01581000000000010175,0.04962599999999994793,18,3.81550000000004274625,0.06977299999999786451,
464,26.15611723744261141178,26.15591434517855518038,26.15670887656381182751,15,0.01311200000000001253,0.04871999999999943043,14,3.79732799999999315332,0.07811600000000851196,
465,26.15686194319547652753,26.15653175844392919203,26.15715264654474481176,18,0.01776899999999992374,0.05774200000000107025,14,4.20010600000000522414,0.07857799999999315332,
466,26.15729736571375951826,26.15715731788682418824,26.15803014701817019727,20,0.02248399999999994847,0.07550200000000018008,11,4.15657299999998031126,0.07367100000000448290,
467,26.15846099616312159242,26.15720349750104745112,26.15950263605250114551,18,0.01120100000000023854,0.05415100000000094838,15,3.90210400000000845466,0.04554299999999500415,
468,26.15902167584222226537,26.15989929583959749948,26.16019981698605434417,21,0.01366899999999970916,0.04776400000000080581,12,3.03655099999991762161,0.07132000000000005002,
469,26.16018249650092286629,26.16043197751775650772,26.16070580744122864303,21,0.02137100000000025091,0.06350699999999953604,17,4.14153100000009999349,0.06907099999999388729,
470,26.16053702374207290404,26.16073933994538691650,26.16093164529728909429,23,0.01341700000000001225,0.05302800000000118530,16,4.23048099999994065001,0.11165800000000558612,
471,26.16079607392202177607,26.16083851576899377278,26.16131919744519152005,17,0.01405399999999978888,0.05432600000000142870,15,3.50618099999996957195,0.06249100000000851196,
472,26.16083088978776416411,26.16106383985955119442,26.16158652858183231160,18,0.01562100000000032907,0.03494399999999941997,13,3.45996000000002368324,0.05736500000000432919,
473,26.16117240656492981543,26.16132080308066321095,26.16190134678393874879,18,0.01315799999999978098,0.05330000000000012506,14,4.03431000000000494765,0.06799300000000130240,
474,26.16164431379153398893,26.16201410791344272866,26.16244904234729773407,18,0.01470800000000016539,0.05583999999999988972,12,3.81630100000006677874,0.06837300000000823275,
475,26.16269881998047708294,26.16228013013559561273,26.16328727242045104617,19,0.01365299999999969316,0.05850900000000081036,14,4.34187799999995149847,0.05712099999999509237,
476,26.16341753769644995486,26.16228013013559561273,26.16387343787028640918,21,0.01687200000000022015,0.06216900000000080695,15,3.21691599999996924453,0.02268399999999815009,
477,26.16374290883326736434,26.16228013013559561273,26.16423518960722205406,18,0.01305399999999989902,0.04202300000000036562,12,3.15872899999999390275,0.01972299999999904685,
478,26.16397296681354234238,26.16230493545880975148,26.16440503559427810387,18,0.01790300000000000225,0.05793500000000051386,15,4.20164299999999002466,0.04120999999999241936,
479,26.16397362159774075963,26.16232645465112227612,26.16444135397193804238,21,0.02749500000000004718,0.04722100000000040154,10,4.63522399999999379361,0.05698100000000749787,
480,26.16426547661063395367,26.16365949452750072624,26.16449944432902086078,20,0.01754699999999997928,0.08822599999999880538,19,4.31920300000001589069,0.07052399999999181546,
481,26.16441833137523786945,26.16406809008609357647,26.16454861775504880939,20,0.01720599999999983254,0.04504400000000075011,16,4.19878600000004098547,0.07679500000000416549,
482,26.16450887801372715558,26.16417780232563572440,26.16461571410079045563,20,0.01657700000000028595,0.05603200000000008174,18,4.54242599999997764826,0.06424100000000976252,
483,26.16462071218307272602,26.16441114070748241716,26.16477566958899814153,20,0.01649499999999992639,0.06100299999999947431,14,5.54108500000006642949,0.06547600000000386444,
484,26.16482267280241913454,26.16451705080162426498,26.16489704975317565072,23,0.01222499999999993037,0.04611799999999988131,12,4.21981599999992340599,0.05509800000000097953,
485,26.16493396268902316137,26.16535487143419658196,26.16549632279544113089,22,0.02024900000000018352,0.06397700000000128284,14,5.10918800000001738226,0.09256399999999587180,
486,26.16537263664012868958,26.16567623594594493852,26.16572469151949675847,23,0.01545799999999974972,0.05309000000000096975,15,4.43632400000001325679,0.09219600000000127693,
487,26.16564585257809483210,26.16578041734267756624,26.16582637616364692690,20,0.01562000000000018929,0.04683299999999945840,17,4.17582300000003669993,0.11621999999999843567,
488,26.16580501675802850059,26.16595981643304469344,26.16598104904435473372,21,0.01328899999999988424,0.05352400000000123725,12,4.08690300000000661385,0.08188499999999976353,
489,26.16583359553678533871,26.16604393199888178856,26.16615474603732138803,21,0.01390799999999980940,0.05474500000000048772,14,4.69450799999992796074,0.06914499999999179636,
490,26.16617429095298774655,26.16629969087804497008,26.16651730863122793380,21,0.02106000000000030070,0.05977999999999994429,15,3.84283000000004903995,0.08117000000000018645,
491,26.16654344032929202513,26.16642118171352038303,26.16687597109294216580,16,0.01637899999999969936,0.04824599999999890088,12,2.70735700000000178989,0.05976300000000378532,
492,26.16676653067141344877,26.16642163587636460420,26.16706088154274567614,22,0.01332200000000005602,0.05195299999999924978,15,4.36975799999993341771,0.03390100000000018099,
493,26.16695386098058051516,26.16652453253485077767,26.16713843283345042323,20,0.01843500000000020123,0.05935799999999957777,16,3.31508400000006986375,0.06411599999999850752,
494,26.16707807411347630477,26.16689225239885630003,26.16733644098153988011,17,0.01257099999999988782,0.04432699999999911711,12,4.32117199999993317761,0.06719800000000475393,
495,26.16724466693871420375,26.16725864117925581809,26.16753871276283760494,17,0.01733000000000028962,0.06469000000000058037,14,3.98825499999998100975,0.08572000000000912223,
496,26.16762230472074080012,26.16733531947716429045,26.16780919048914100244,20,0.01452099999999978408,0.04877999999999893532,12,4.51806300000009741780,0.05935399999999901866,
497,26.16769484423371494586,26.16807673526113475759,26.16810749643363465111,23,0.01436999999999999389,0.05454499999999917748,11,5.21040399999992587254,0.10685100000000602449,
498,26.16803677255094484622,26.16837853295594840120,26.16841739688736723224,24,0.03159400000000012199,0.05544100000000007356,15,4.30414100000007238123,0.08690399999998987823,
499,26.16839669609975516096,26.16873100954787645378,26.16875723051584756718,20,0.01471399999999967179,0.04790399999999905845,17,3.40366199999994023528,0.08165999999999939973,
500,26.16863785018525589976,26.16884067560823723397,26.16889474686524863500,21,0.02148800000000017363,0.06502099999999977342,18,3.06870600000002013985,0.08304499999999848114,
501,26.16889089758372577421,26.16894701995974870101,26.16897605997429820945,21,0.01847999999999982990,0.05078499999999941394,17,3.18791499999997540726,0.07930100000000095406,
502,26.16892854053648065360,26.16897408664156188252,26.16902556732942031203,19,0.01414600000000021396,0.03974499999999991928,13,4.00725799999997889245,0.06013199999999585543,
503,26.16907400863208721375,26.16915178212428827464,26.16916844892723048588,18,0.01544500000000015305,0.05782400000000009754,14,4.87624100000005000766,0.12515199999999992997,
504,26.16919450449640649481,26.16920733219954087190,26.16930706268871276166,24,0.02586299999999974730,0.06376500000000007162,12,3.66207400000007510243,0.08785199999999804277,
505,26.16933156778839730805,26.16923371350387128587,26.16939314416762840665,21,0.01363100000000017076,0.07868299999999983640,18,4.55782599999997728446,0.07977900000000204273,
506,26.16936718581245102655,26.16938373532131123511,26.16943984334887574050,19,0.01515899999999970049,0.05060600000000015086,14,7.27622399999995650433,0.10273100000000567888,
507,26.16945298148261045412,26.16951239980689791764,26.16962842633815355953,22,0.02173200000000008458,0.09220299999999959084,16,5.08306100000004335016,0.09054799999999829652,
508,26.16957039528827522190,26.16961386462555338994,26.16975230967230103829,19,0.01418000000000008143,0.09113299999999924239,14,4.99902099999985694012,0.07217199999999479587,
509,26.16969226095521250386,26.17001364571050459062,26.17015519165460446516,22,0.02732299999999998619,0.08033999999999963393,11,4.90492100000005848415,0.08139199999999391366,
510,26.16999138290208293256,26.17036400528631645557,26.17038750522458556702,19,0.01416100000000009018,0.04947099999999871045,12,4.80188700000007884228,0.09490099999999301872,
511,26.17022714620437895405,26.17044903623517271285,26.17051352207546344175,20,0.01488999999999984780,0.05904299999999906845,18,3.43685099999993326492,0.07823700000000144428,
512,26.17025743594607689602,26.17048683007676501688,26.17053700477045197204,18,0.01362900000000033529,0.06199900000000013733,17,4.22473800000011578959,0.08075399999999888223,
513,26.17037435415900148428,26.17072955646115417494,26.17073759990860182256,16,0.02053999999999955861,0.06719399999999886575,16,4.43157599999994999962,0.08353299999998853309,
514,26.17051322911820321337,26.17077518210354014627,26.17085122365411109513,14,0.01576300000000019352,0.06804499999999968907,17,3.76512499999989813659,0.07118599999999730699,
515,26.17052504460732009761,26.17078140315588896669,26.17090415275779236026,16,0.02229800000000015103,0.04076500000000038426,16,3.91741500000011910743,0.05048399999998309795,
516,26.17054844419232395580,26.17080749285379681623,26.17103399334126123676,15,0.01179799999999975313,0.05150000000000076739,17,4.63628599999992729863,0.05956199999999967076,
517,26.17060845331635832167,26.17182120386249266630,26.17207708927766773854,19,0.01881900000000014117,0.04050699999999984868,18,4.61553299999991395453,0.08893199999999978900,
518,26.17194802834395517266,26.17193839257685894495,26.17408226234592305559,20,0.01792499999999996874,0.05930200000000063199,16,3.53991000000019084837,0.03553999999999746251,
519,26.17387602557621306687,26.17467599179567017131,26.17542775258197096377,21,0.01416100000000009018,0.05625900000000072509,14,2.96757399999978588312,0.10205300000001216176,
520,26.17533695432073770348,26.17495812896943974124,26.17610115482434451906,19,0.01698699999999986332,0.05019199999999912620,16,3.12964000000010855729,0.08016200000000139880,
521,26.17623439922187245088,26.17546728230442099061,26.17667726923586002385,18,0.01767099999999999227,0.05836899999999900501,15,3.96206600000004982576,0.08619300000000862383,
522,26.17672783154851501308,26.17650133849249627360,26.17723107129647530655,19,0.02456999999999975870,0.08158399999999943475,12,4.07299699999998665589,0.09465000000000145519,
523,26.17710275932502028695,26.17671024401677470905,26.17754804403496393661,20,0.01547300000000007003,0.09103299999999947545,13,4.77997200000004340836,0.07574999999999931788,
524,26.17731350052195793410,26.17723419119402095134,26.17784517644189534735,20,0.01504300000000036164,0.07657000000000024897,15,5.29712299999982860754,0.08172300000001087028,
525,26.17794030224983714561,26.17802027555401522818,26.17850447858630147380,19,0.01366800000000001347,0.04932699999999989871,15,3.34888200000000324508,0.08460700000000542786,
526,26.17846888290412366018,26.17815315304331136304,26.17909009348086613045,16,0.01318799999999953343,0.05971599999999988029,14,3.38836200000014287070,0.06262499999999704414,
527,26.17894917138799115719,26.17983113114429016832,26.17995205104504918836,21,0.01630200000000048277,0.06766400000000061254,15,3.10269799999991846562,0.09361100000000988075,
528,26.17941411414587449258,26.18011202947646864914,26.18031469897108109990,18,0.01611699999999949284,0.04822099999999984732,12,3.20899099999996906263,0.06312200000002121669,
529,26.18000478099553873790,26.18021415723498535044,26.18048710612383800367,17,0.01290900000000050341,0.04310399999999958709,12,2.91827899999998408020,0.08773899999999912325,
530,26.18041999575846290327,26.18029265192933152662,26.18059156218270544514,16,0.01479300000000005610,0.06886899999999940292,15,4.39462600000001657463,0.07194300000000453110,
531,26.18058778752781279309,26.18029614469023158563,26.18070386743174182698,18,0.01553999999999966519,0.05248100000000022192,12,4.80405399999995097460,0.04355600000002368688,
532,26.18066869818808584114,26.18042504909877266073,26.18073958776927767644,19,0.01578299999999988046,0.05612899999999854117,13,4.45908700000018143328,0.06893600000000787986,
533,26.18073064575192532288,26.18060309236276950173,26.18079203387236475464,19,0.02303600000000027848,0.05600699999999925183,14,5.29508399999986067996,0.06634099999999421016,
534,26.18082139955386011820,26.18071222226184957549,26.18089043515067615431,16,0.01534199999999952269,0.05710400000000070975,17,5.06951700000013261160,0.06431399999999598549,
535,26.18089499983356205348,26.18108104491546939130,26.18121558707593621307,17,0.01391700000000017923,0.06035699999999977194,14,6.24252899999987675983,0.10780899999997473060,
536,26.18095852471487461344,26.18129553446597057587,26.18168650332004077086,22,0.01385500000000039478,0.06050199999999961165,13,4.59433100000001104490,0.12189000000000760338,
537,26.18143353985387378202,26.18157528445081183577,26.18196577753719367365,20,0.01929999999999942872,0.06044100000000085515,18,3.82913000000007741619,0.08150000000000545697,
538,26.18184853967761327453,26.18184384061888536621,26.18230086406910217534,14,0.01352000000000064261,0.05352300000000020930,14,4.63964999999984684109,0.06857899999999972351,
539,26.18249783534430363829,26.18203585426979174144,26.18262063580418796960,19,0.01891700000000007265,0.06067200000000028126,14,3.31147000000009938958,0.10176400000000285218,
540,26.18264534796776032977,26.18249836059464996652,26.18283581025212569671,15,0.01794399999999995998,0.06147900000000028342,16,2.97916600000007747440,0.09986800000001494482,
541,26.18286552482627271843,26.18282576398141969776,26.18301498963868212400,16,0.01884100000000010766,0.06974499999999927979,13,5.21688799999992625089,0.09807000000000698492,
542,26.18289121577449307665,26.18321454054352770413,26.18336076358356478977,17,0.02027999999999963165,0.04486200000000017951,16,5.05314799999996466795,0.07542599999999310967,
543,26.18294839247427674422,26.18324738304389853738,26.18351456696471046826,17,0.01571199999999972619,0.04996200000000072805,17,4.09647900000004483445,0.04782900000000722684,
544,26.18346849420512256756,26.18324738304389853738,26.18396790986432520754,15,0.01592700000000046856,0.05696199999999862484,20,4.14523000000008323696,0.02117499999999949978,
545,26.18388427096933668281,26.18346983039813480332,26.18416943080845982195,21,0.02160299999999981679,0.06852699999999956049,17,5.28804700000000593718,0.08952299999998558633,
546,26.18401276149465317644,26.19074866121731659518,26.19074866121731304247,19,0.01436300000000034771,0.05411499999999946908,17,4.87522399999988920172,0.08176399999999262036,
547,26.18912977953766230144,26.19188813030749329869,26.19614438987472482268,18,0.01802299999999945612,0.08087500000000069633,15,3.79355299999997441773,0.04315400000001545777,
548,26.19332915814585405201,26.19662175767516387737,26.19871059551143943622,17,0.01731399999999982953,0.05191299999999898773,17,3.47437300000001414446,0.06375600000001213630,
549,26.19756283149822095879,26.19967472298378297069,26.20237407235116222637,16,0.02424700000000079569,0.06783899999999931651,16,3.38629500000001826265,0.06552100000001814806,
550,26.19977656003432286980,26.20573341880696816020,26.20721490362681649344,16,0.01380999999999943384,0.05073800000000261434,18,3.21495699999991302320,0.06974900000000161526,
551,26.20688700102928692104,26.20678657391760069117,26.20898907867612592781,14,0.01295000000000001705,0.05887999999999848910,17,3.52209500000003572495,0.04640900000001124681,
552,26.20897907642748236867,26.20758805337506913702,26.20988644000272671519,17,0.01316100000000020032,0.06398000000000081400,15,4.35182299999996757833,0.04476299999998900603,
553,26.21033045131734340316,26.21572562403485662230,26.21611675641192817920,14,0.01468600000000019890,0.05531900000000078421,13,3.62811600000009093492,0.07308499999999185093,
554,26.21442997548436082411,26.21724272623568552376,26.21844991956210080275,16,0.01545499999999933038,0.05851100000000286627,16,4.05905499999994390237,0.09827500000000100044,
555,26.21899007654407753876,26.21826023073872136138,26.21998275510417997225,15,0.01344100000000025830,0.06350600000000028444,11,3.78745300000014140096,0.05753200000000902037,
556,26.21978069130249267005,26.21955177856847640783,26.22089450958483070053,19,0.01551100000000005252,0.05950899999999847978,14,3.92410199999994802056,0.06865999999999417014,
557,26.22025493570250986863,26.22126005270949633541,26.22175469754381893495,20,0.01767400000000041160,0.05263499999999865508,14,4.14422199999989970820,0.08065199999998640124,
558,26.22175823081360590550,26.22150628114667014756,26.22259662725645767978,20,0.02126800000000006463,0.05724100000000120758,15,4.37678100000016456761,0.07701800000000957880,
559,26.22234311971726228307,26.22153167834475695486,26.22283462708792711737,21,0.01888599999999929224,0.06444799999999872853,19,3.95090799999979935819,0.07965999999998985004,
560,26.22280819925971684370,26.22257007563833752783,26.22336110529665731406,17,0.02147699999999996834,0.06209500000000289788,12,4.55653100000017730054,0.10707000000002153683,
561,26.22301487124534702389,26.22356766385583171086,26.22371519708965692530,20,0.01936200000000010135,0.05948499999999867782,21,5.09709099999986392504,0.10313200000001643275,
562,26.22312341417573122726,26.22365760294842829126,26.22392162254010017364,23,0.02977600000000002467,0.06038900000000069213,16,5.49543800000014925899,0.07935499999999251486,
563,26.22380335790792216244,26.22498823380255217330,26.22501901287754932923,20,0.02299100000000020572,0.08547999999999689180,13,4.50414200000000164437,0.08501799999999093416,
564,26.22476871850460966584,26.22502135836203507324,26.22537568563491205964,17,0.01568199999999997374,0.07879900000000006344,16,5.25107699999989563366,0.06688199999999255851,
565,26.22536516876050782798,26.22506107679002340660,26.22615115303884891773,18,0.02586400000000033117,0.08720800000000039631,20,5.18646200000011958764,0.07791100000000028558,
